E,S,T,candidate_distance_evaluations,color_bound_violations,color_max_error,completion_distance_evaluations,component_certified,component_exact_components,component_protected_components,component_protected_edges,coverage_distance_evaluations,covers_all_observations,dataset,edge_jaccard,edge_precision,edge_recall,exact_output_match,fixed_cover_equal,gate_passed,graph_method,graph_seconds,graph_witness_counts_equal,index_seconds,landmark_sequence_equal,m,membership_completion_requested,membership_false_negatives,membership_false_positives,membership_precision,membership_recall,membership_seconds,memberships_complete,method,pipeline_peak_rss_bytes,repeat,rescued_observations,result_file,seed,selected_landmark_count,selection_seconds,staged_total_seconds,threads,validation_failures
558534,112872,934006,,0,0.0,0,True,478,478,558534,,True,mixture,1.0,1.0,1.0,True,True,True,inverted,0.8723430990000338,True,0.015301324000006389,True,6090,False,0,0,1.0,1.0,0.8955282269999998,True,flat_scalar,401432576,2,,run_00000.json,1,6090,1.106243629000005,2.889416279000045,1,[]
592,29557,9561,29557,0,0.0,12100000,True,17,17,592,182710,True,curve,1.0,1.0,1.0,True,True,True,sparse,0.01659636199997294,True,0.4370042710000348,True,605,True,0,0,1.0,1.0,0.7557535050000297,True,verified_hnsw_complete,196939776,0,0,run_00001.json,0,605,0.22843776299998808,1.4377919010000255,1,[]
558534,112872,934006,0,0,0.0,121800000,True,478,478,558534,63642275,True,mixture,1.0,1.0,1.0,True,True,True,inverted,0.8463839519999965,True,3.2819999660205212e-06,True,6090,True,0,0,1.0,1.0,7.377656403999993,True,verified_none_complete,380964864,1,13910,run_00002.json,1,6090,34.17185145600001,42.39589509399997,1,[]
954921,128268,1419251,,0,0.0,0,True,526,526,954921,,True,gaussian,1.0,1.0,1.0,True,True,True,sparse,1.2594979030000104,True,0.01158634399996572,True,6055,False,0,0,1.0,1.0,8.99785118699998,True,ckdtree_inflated,492670976,2,,run_00003.json,1,6055,9.26189457199996,19.530830005999917,1,[]
592,29557,9561,,0,0.0,0,True,17,17,592,,True,curve,1.0,1.0,1.0,True,True,True,inverted,0.01840907899998001,True,0.0016260969999848385,True,605,False,0,0,1.0,1.0,3.2651142300000515,True,brute_force,187047936,2,,run_00004.json,0,605,3.2867185129999825,6.571867918999999,1,[]
343009,83358,474831,,0,0.474259568999211,0,False,532,4714,3812,,False,mixture,0.6617502932460798,1.0,0.6617502932460798,False,False,True,inverted,0.5101114070000108,True,0.040826967999976205,False,6264,False,22139,0,1.0,0.7901456913466733,0.22308555900002602,False,ivf,318914560,1,,run_00005.json,0,6520,0.6253871140000342,1.3994110480000472,1,[]
592,29557,9561,0,0,0.0,12100000,True,17,17,592,11253106,True,curve,1.0,1.0,1.0,True,True,True,sparse,0.016958498999997573,True,2.864000009594747e-06,True,605,True,0,0,1.0,1.0,0.6805097260000252,True,verified_none_complete,187047936,0,19395,run_00006.json,0,605,1.423014668999997,2.1204857580000294,1,[]
874254,114922,1219045,,0,0.0,0,True,749,749,874254,,True,gaussian,1.0,1.0,1.0,True,True,True,sparse,1.1058556649999787,True,0.04080371100002367,True,6747,False,0,0,1.0,1.0,4.1390874669999675,True,ball_tree,465539072,2,,run_00007.json,0,6747,4.959983326999975,10.245730169999945,1,[]
518336,105497,836791,,0,0.0,0,True,532,532,518336,,True,mixture,1.0,1.0,1.0,True,True,True,inverted,0.7891850590000331,True,0.04001923299995269,True,6264,False,0,0,1.0,1.0,1.0064250249999986,True,ball_tree,375783424,0,,run_00008.json,0,6264,1.7249353600000177,3.560564677000002,1,[]
840059,114518,1150593,,0,0.0,0,True,795,795,840059,,True,gaussian,1.0,1.0,1.0,True,True,True,sparse,1.0054997140000523,True,0.0013869499999827894,True,6868,False,0,0,1.0,1.0,36.53941010300002,True,brute_force,454324224,0,,run_00009.json,2,6868,31.772334427000033,69.31863119400009,1,[]
536603,114134,934543,113678,0,0.0,118120000,True,438,438,536603,17724107,True,mixture,1.0,1.0,1.0,True,True,True,inverted,0.8268615869999394,True,0.9405809179999096,True,5906,True,0,0,1.0,1.0,8.37008795700001,True,verified_hnsw_complete,402984960,2,91,run_00010.json,2,5906,19.73555370600002,29.873084167999878,1,[]
840059,114518,1150593,,0,0.0,0,True,795,795,840059,,True,gaussian,1.0,1.0,1.0,True,True,True,sparse,1.01619446899997,True,0.0020058600000538718,True,6868,False,0,0,1.0,1.0,31.018058832000065,True,brute_force,453992448,2,,run_00011.json,2,6868,32.97939290700003,65.01565206800012,1,[]
840059,114518,1150593,,0,0.0,0,True,795,795,840059,,True,gaussian,1.0,1.0,1.0,True,True,True,sparse,1.1184962969999788,True,0.00856443300006049,True,6868,False,0,0,1.0,1.0,4.495651498000029,True,ckdtree,453345280,1,,run_00012.json,2,6868,4.752488042999971,10.37520027100004,1,[]
605,29790,9798,,0,0.0,0,True,14,14,605,,True,curve,1.0,1.0,1.0,True,True,True,inverted,0.01894892899997558,True,0.002003575000003366,True,614,False,0,0,1.0,1.0,2.6457788310000296,True,brute_force,187047936,2,,run_00013.json,1,614,2.759236703000056,5.4259680380000646,1,[]
592,29557,9561,,0,0.0,0,True,17,17,592,,True,curve,1.0,1.0,1.0,True,True,True,sparse,0.016946471999972346,True,0.009541338999952131,True,605,False,0,0,1.0,1.0,0.05027480900002956,True,ckdtree_inflated,187047936,0,,run_00014.json,0,605,0.08545760699996663,0.16222022699992067,1,[]
558534,112872,934006,,0,0.0,0,True,478,478,558534,,True,mixture,1.0,1.0,1.0,True,True,True,inverted,0.859348319999981,True,0.008371125999929063,True,6090,False,0,0,1.0,1.0,1.070844045000058,True,ckdtree,389218304,1,,run_00015.json,1,6090,1.385173074000022,3.32373656499999,1,[]
0,20000,0,0,0,1.0238800203358687,0,False,532,6264,0,64776440,True,mixture,0.0,1.0,0.0,False,False,True,sparse,0.06132124999999178,True,3.282000079707359e-06,True,6264,False,85497,0,1.0,0.1895788505834289,0.0,False,verified_none_partial,187047936,2,13736,run_00016.json,0,6264,34.345522637000045,34.406847169000116,1,[]
536603,114134,934543,113678,0,0.0,118120000,True,438,438,536603,17724107,True,mixture,1.0,1.0,1.0,True,True,True,sparse,0.6560464140000022,True,0.9482869269999128,True,5906,True,0,0,1.0,1.0,7.237320332999957,True,verified_hnsw_complete,371691520,0,91,run_00017.json,2,5906,19.537780622000014,28.379434295999886,1,[]
874254,114922,1219045,,0,0.0,0,True,749,749,874254,,True,gaussian,1.0,1.0,1.0,True,True,True,sparse,1.1652507510000305,True,0.0401519609999923,True,6747,False,0,0,1.0,1.0,4.131381378000015,True,ball_tree,465133568,0,,run_00018.json,0,6747,4.925717848999966,10.262501939000003,1,[]
518336,105497,836791,,0,0.0,0,True,532,532,518336,,True,mixture,1.0,1.0,1.0,True,True,True,inverted,0.7708437779999713,True,0.00892508499998712,True,6264,False,0,0,1.0,1.0,0.9021140600000308,True,flat_scalar,387883008,1,,run_00019.json,0,6264,1.1150245420000147,2.796907465000004,1,[]
874254,114922,1219045,112095,0,0.0,134940000,True,749,749,874254,23929736,True,gaussian,1.0,1.0,1.0,True,True,True,inverted,1.2878462620000164,True,1.2098981829999502,True,6747,True,0,0,1.0,1.0,7.961773077999965,True,verified_hnsw_complete,537608192,2,364,run_00020.json,0,6747,33.03007451799999,43.48959204099992,1,[]
558534,112872,934006,,0,0.0,0,True,478,478,558534,,True,mixture,1.0,1.0,1.0,True,True,True,sparse,0.6946116899999879,True,0.009121213000071293,True,6090,False,0,0,1.0,1.0,0.8945460109999885,True,flat_scalar,372768768,2,,run_00021.json,1,6090,1.104519067999945,2.7027979819999928,1,[]
343009,83358,474831,,0,0.474259568999211,0,False,532,4714,3812,,False,mixture,0.6617502932460798,1.0,0.6617502932460798,False,False,True,sparse,0.45247919899998124,True,0.035750110999970275,False,6264,False,22139,0,1.0,0.7901456913466733,0.22081719899995278,False,ivf,300912640,0,,run_00022.json,0,6520,0.6284682990000192,1.3375148079999235,1,[]
864139,112095,1192190,,0,0.7710670828819275,0,False,749,868,301708,,False,gaussian,0.9884301358644055,1.0,0.9884301358644055,False,False,True,sparse,1.0364731049999136,True,1.213661581999986,False,6747,False,2827,0,1.0,0.9754007065661927,19.375356479999937,False,hnsw,479764480,2,,run_00023.json,0,6990,21.018179314999998,42.643670481999834,1,[]
518336,105497,836791,105169,0,0.0,125280000,True,532,532,518336,19834732,True,mixture,1.0,1.0,1.0,True,True,True,inverted,0.7778477880001446,True,0.9501288799999656,True,6264,True,0,0,1.0,1.0,7.223870484999907,True,verified_hnsw_complete,395898880,2,75,run_00024.json,0,6264,20.80033008800001,29.752177241000027,1,[]
189473,58141,213007,,0,1.6059436053037643,0,False,526,6010,49,,False,gaussian,0.19841746071140964,1.0,0.19841746071140964,False,False,True,inverted,0.3102094240000497,True,0.03555220599992026,False,6055,False,70127,0,1.0,0.4532775127077681,0.2269582939998145,False,ivf,264634368,1,,run_00025.json,1,7155,0.7017783510000299,1.2744982749998144,1,[]
0,20000,0,0,0,2.8728722544277416,0,False,795,6868,0,68123509,True,gaussian,0.0,1.0,0.0,False,False,True,inverted,0.017821966000155953,True,2.3749998945277184e-06,True,6868,False,94518,0,1.0,0.1746450339684591,0.0,False,verified_none_partial,187047936,2,13132,run_00026.json,2,6868,35.53265870300015,35.5504830440002,1,[]
517872,105244,835017,105169,0,0.12529019142190614,0,False,532,538,463519,19834732,True,mixture,0.9991048277565131,1.0,0.9991048277565131,False,False,True,inverted,0.7695934440000656,True,0.9323318039998867,True,6264,False,253,0,1.0,0.9976018275401196,0.0,False,verified_hnsw_partial,395423744,1,75,run_00027.json,0,6264,21.062277402000063,22.764202650000016,1,[]
536603,114134,934543,,0,0.0,0,True,438,438,536603,,True,mixture,1.0,1.0,1.0,True,True,True,inverted,0.8076876310001353,True,0.0028910720000112633,True,5906,False,0,0,1.0,1.0,27.148216775000037,True,brute_force,381775872,1,,run_00028.json,2,5906,28.172430130000066,56.13122560800025,1,[]
518336,105497,836791,,0,0.0,0,True,532,532,518336,,True,mixture,1.0,1.0,1.0,True,True,True,inverted,0.7955443739999737,True,0.011149550000027375,True,6264,False,0,0,1.0,1.0,2.5245194979997905,True,ckdtree_inflated,375918592,2,,run_00029.json,0,6264,2.8421904130000257,6.173403834999817,1,[]
954921,128268,1419251,,0,0.0,0,True,526,526,954921,,True,gaussian,1.0,1.0,1.0,True,True,True,inverted,1.4159706220000317,True,0.009016372999894884,True,6055,False,0,0,1.0,1.0,0.881859883000061,True,flat_scalar,557608960,2,,run_00030.json,1,6055,1.098153155999853,3.4050000339998405,1,[]
864223,112459,1192410,112095,0,0.7710670828819275,0,False,749,844,326900,23929736,True,gaussian,0.9885262177811025,1.0,0.9885262177811025,False,False,True,sparse,1.054724786999941,True,1.1944062840000242,True,6747,False,2463,0,1.0,0.9785680722577053,0.0,False,verified_hnsw_partial,480096256,1,364,run_00031.json,0,6747,35.91717383399987,38.16630490499983,1,[]
558039,112579,931884,112504,0,0.07835624615351366,0,False,478,481,499040,18756376,True,mixture,0.999113751356229,1.0,0.999113751356229,False,False,True,inverted,0.9025626459999785,True,1.0482374999999138,True,6090,False,293,0,1.0,0.9974041392019278,0.0,False,verified_hnsw_partial,409169920,0,75,run_00032.json,1,6090,21.836224521000076,23.78702466699997,1,[]
592,29557,9561,0,0,0.0,12100000,True,17,17,592,11253106,True,curve,1.0,1.0,1.0,True,True,True,inverted,0.020318640000141386,True,3.353000010974938e-06,True,605,True,0,0,1.0,1.0,0.8396562739999354,True,verified_none_complete,187047936,0,19395,run_00033.json,0,605,1.5354712070000005,2.3954494740000882,1,[]
558534,112872,934006,,0,0.0,0,True,478,478,558534,,True,mixture,1.0,1.0,1.0,True,True,True,sparse,0.7316511659998923,True,0.012016707999919163,True,6090,False,0,0,1.0,1.0,1.1470412590001615,True,ckdtree,360194048,2,,run_00034.json,1,6090,1.5406440409999504,3.4313531739999235,1,[]
954921,128268,1419251,,0,0.0,0,True,526,526,954921,,True,gaussian,1.0,1.0,1.0,True,True,True,inverted,1.6500725339999462,True,0.00984152000000904,True,6055,False,0,0,1.0,1.0,0.9917856580000262,True,flat_scalar,557522944,0,,run_00035.json,1,6055,1.1583673120001095,3.810067024000091,1,[]
874254,114922,1219045,,0,0.0,0,True,749,749,874254,,True,gaussian,1.0,1.0,1.0,True,True,True,inverted,1.3270099590001792,True,0.010792495000032432,True,6747,False,0,0,1.0,1.0,0.8595176650001122,True,flat_batch,529252352,1,,run_00036.json,0,6747,1.2453717440000673,3.442691863000391,1,[]
592,29557,9561,,0,0.0,0,True,17,17,592,,True,curve,1.0,1.0,1.0,True,True,True,sparse,0.0179744329998357,True,0.04524481399994329,True,605,False,0,0,1.0,1.0,0.06788646299992251,True,ball_tree,187047936,2,,run_00037.json,0,605,0.1432432939998307,0.2743490039995322,1,[]
518336,105497,836791,,0,0.0,0,True,532,532,518336,,True,mixture,1.0,1.0,1.0,True,True,True,inverted,0.875317836000022,True,0.012503482999818516,True,6264,False,0,0,1.0,1.0,0.9584412680001151,True,flat_scalar,387563520,2,,run_00038.json,0,6264,1.1785046690001764,3.024767256000132,1,[]
558032,112504,931848,,0,0.07835624615351366,0,False,478,481,485901,,False,mixture,0.9991012185471252,1.0,0.9991012185471252,False,False,True,sparse,0.8144784429998708,True,1.0152506869999343,False,6090,False,368,0,1.0,0.9967396697143667,4.85909575300002,False,hnsw,378183680,2,,run_00039.json,1,6155,12.724797913999964,19.41362279699979,1,[]
864223,112459,1192410,112095,0,0.7710670828819275,0,False,749,844,326900,23929736,True,gaussian,0.9885262177811025,1.0,0.9885262177811025,False,False,True,inverted,1.3628068379998695,True,1.352130600999999,True,6747,False,2463,0,1.0,0.9785680722577053,0.0,False,verified_hnsw_partial,533049344,2,364,run_00040.json,0,6747,35.592134865999924,38.30707230499979,1,[]
558039,112579,931884,112504,0,0.07835624615351366,0,False,478,481,499040,18756376,True,mixture,0.999113751356229,1.0,0.999113751356229,False,False,True,sparse,0.7396391219999714,True,0.9783924640000805,True,6090,False,293,0,1.0,0.9974041392019278,0.0,False,verified_hnsw_partial,378580992,1,75,run_00041.json,1,6090,22.218461459000082,23.936493045000134,1,[]
601,29795,9799,,0,0.00037007307853165194,0,True,9,9,601,,False,curve,1.0,1.0,1.0,False,False,True,inverted,0.019687483999859978,True,0.4969642869998552,False,607,False,2,0,1.0,0.9999328791489076,0.15113952599995173,False,hnsw,192462848,0,,run_00042.json,2,608,0.18164144799993664,0.8494327449996035,1,[]
874254,114922,1219045,,0,0.0,0,True,749,749,874254,,True,gaussian,1.0,1.0,1.0,True,True,True,sparse,1.1740142009998635,True,0.010725809999939884,True,6747,False,0,0,1.0,1.0,4.768398337999997,True,ckdtree,464723968,1,,run_00043.json,0,6747,5.301898605000133,11.255036953999934,1,[]
874254,114922,1219045,,0,0.0,0,True,749,749,874254,,True,gaussian,1.0,1.0,1.0,True,True,True,inverted,1.3694457729998248,True,0.009529847999829144,True,6747,False,0,0,1.0,1.0,1.07612677599991,True,flat_scalar,528621568,1,,run_00044.json,0,6747,1.2412330409999868,3.6963354379995508,1,[]
0,20000,0,0,0,0.07974993310323575,0,False,17,605,0,11253106,True,curve,0.0,1.0,0.0,False,False,True,sparse,0.013308509999887974,True,3.4219999633933185e-06,True,605,False,9557,0,1.0,0.6766586595391955,0.0,False,verified_none_partial,187047936,1,19395,run_00045.json,0,605,1.452920340999981,1.4662322729998323,1,[]
0,20000,0,0,0,2.3112549632787704,0,False,749,6747,0,67481705,True,gaussian,0.0,1.0,0.0,False,False,True,sparse,0.06942583000000013,True,6.216000201675342e-06,True,6747,False,94922,0,1.0,0.17403108195123648,0.0,False,verified_none_partial,187047936,1,13253,run_00046.json,0,6747,38.88370006599985,38.95313211200005,1,[]
517872,105244,835017,105169,0,0.12529019142190614,0,False,532,538,463519,19834732,True,mixture,0.9991048277565131,1.0,0.9991048277565131,False,False,True,sparse,0.6506703630000175,True,0.9999742250001873,True,6264,False,253,0,1.0,0.9976018275401196,0.0,False,verified_hnsw_partial,364748800,0,75,run_00047.json,0,6264,23.92987872499998,25.580523313000185,1,[]
601,29797,9800,29795,0,0.0,12140000,True,9,9,601,184511,True,curve,1.0,1.0,1.0,True,True,True,inverted,0.022766052999941166,True,0.44228085500003544,True,607,True,0,0,1.0,1.0,0.6810316790001707,True,verified_hnsw_complete,200962048,2,1,run_00048.json,2,607,0.22700869400000556,1.3730872810001529,1,[]
954921,128268,1419251,,0,0.0,0,True,526,526,954921,,True,gaussian,1.0,1.0,1.0,True,True,True,inverted,1.5540864859999601,True,0.012353096999959234,True,6055,False,0,0,1.0,1.0,4.423527559999911,True,ckdtree,545677312,1,,run_00049.json,1,6055,4.651104920999842,10.641072063999673,1,[]
558534,112872,934006,,0,0.0,0,True,478,478,558534,,True,mixture,1.0,1.0,1.0,True,True,True,inverted,0.8816054760000043,True,0.0020456740001009166,True,6090,False,0,0,1.0,1.0,30.766209306999826,True,brute_force,389058560,1,,run_00050.json,1,6090,35.683711609000056,67.33357206599999,1,[]
536603,114134,934543,,0,0.0,0,True,438,438,536603,,True,mixture,1.0,1.0,1.0,True,True,True,sparse,0.6970737709998502,True,0.01029668599994693,True,5906,False,0,0,1.0,1.0,1.0850917430000209,True,ckdtree,352808960,2,,run_00051.json,2,5906,1.4065986160001103,3.1990608159999283,1,[]
840059,114518,1150593,,0,0.0,0,True,795,795,840059,,True,gaussian,1.0,1.0,1.0,True,True,True,sparse,1.1245120390001375,True,0.009252268999944135,True,6868,False,0,0,1.0,1.0,0.9064645579999251,True,flat_batch,465969152,2,,run_00052.json,2,6868,1.2873922840001342,3.327621150000141,1,[]
592,29557,9561,,0,0.0,0,True,17,17,592,,True,curve,1.0,1.0,1.0,True,True,True,sparse,0.01732183600006465,True,0.0029149330000564078,True,605,False,0,0,1.0,1.0,4.364933918000133,True,brute_force,187047936,0,,run_00053.json,0,605,4.1351935850000245,8.520364272000279,1,[]
605,29790,9798,,0,0.0,0,True,14,14,605,,True,curve,1.0,1.0,1.0,True,True,True,inverted,0.019642272000055527,True,0.010608188000105656,True,614,False,0,0,1.0,1.0,0.042964598000025944,True,ckdtree,187047936,2,,run_00054.json,1,614,0.08231689100011863,0.15553194900030576,1,[]
0,20000,0,0,0,0.8394506507449679,0,False,478,6090,0,63642275,True,mixture,0.0,1.0,0.0,False,False,True,sparse,0.05975670400016497,True,4.189999799564248e-06,True,6090,False,92872,0,1.0,0.177191863349635,0.0,False,verified_none_partial,187047936,2,13910,run_00055.json,1,6090,37.676946886999986,37.73670778099995,1,[]
558534,112872,934006,,0,0.0,0,True,478,478,558534,,True,mixture,1.0,1.0,1.0,True,True,True,sparse,0.7359140099999877,True,0.009112171999959173,True,6090,False,0,0,1.0,1.0,0.9535874220000551,True,flat_scalar,373104640,1,,run_00056.json,1,6090,1.2547990149998896,2.9534126189998915,1,[]
517872,105244,835017,105169,0,0.12529019142190614,0,False,532,538,463519,19834732,True,mixture,0.9991048277565131,1.0,0.9991048277565131,False,False,True,inverted,0.8211743080000815,True,0.9815881770000487,True,6264,False,253,0,1.0,0.9976018275401196,0.0,False,verified_hnsw_partial,395018240,2,75,run_00057.json,0,6264,21.759986758999958,23.562749244000088,1,[]
592,29557,9561,,0,0.0,0,True,17,17,592,,True,curve,1.0,1.0,1.0,True,True,True,inverted,0.019604852999918876,True,0.009456986999794026,True,605,False,0,0,1.0,1.0,0.08200636700007635,True,flat_batch,187047936,0,,run_00058.json,0,605,0.12342329600005542,0.23449150299984467,1,[]
592,29557,9561,29557,0,0.0,0,True,17,17,592,182710,True,curve,1.0,1.0,1.0,True,True,True,sparse,0.01667385399991872,True,0.44877604699991025,True,605,False,0,0,1.0,1.0,0.0,True,verified_hnsw_partial,194453504,0,0,run_00059.json,0,605,0.2324229190001006,0.6978728199999296,1,[]
517862,105169,834982,,0,0.12529019142190614,0,False,532,540,450430,,False,mixture,0.9990855352512655,1.0,0.9990855352512655,False,False,True,inverted,0.8648874909999904,True,0.9673527100001138,False,6264,False,328,0,1.0,0.9968909068504318,5.0717869360000805,False,hnsw,393195520,0,,run_00060.json,0,6321,12.977842195999983,19.881869333000168,1,[]
189473,58141,213007,,0,1.6059436053037643,0,False,526,6010,49,,False,gaussian,0.19841746071140964,1.0,0.19841746071140964,False,False,True,sparse,0.29072998900028324,True,0.048639828999966994,False,6055,False,70127,0,1.0,0.4532775127077681,0.22043623099989418,False,ivf,248479744,1,,run_00061.json,1,7155,0.8466834719997678,1.4064895209999122,1,[]
558534,112872,934006,,0,0.0,0,True,478,478,558534,,True,mixture,1.0,1.0,1.0,True,True,True,sparse,0.737426687000152,True,0.0029444100000546314,True,6090,False,0,0,1.0,1.0,41.42088066799988,True,brute_force,360390656,1,,run_00062.json,1,6090,35.490417865999916,77.651669631,1,[]
601,29797,9800,,0,0.0,0,True,9,9,601,,True,curve,1.0,1.0,1.0,True,True,True,sparse,0.01736383300021771,True,0.03588890999981231,True,607,False,0,0,1.0,1.0,0.030005517000063264,True,ivf,187047936,2,,run_00063.json,2,607,0.07675020999977278,0.16000846999986607,1,[]
601,29797,9800,,0,0.0,0,True,9,9,601,,True,curve,1.0,1.0,1.0,True,True,True,sparse,0.016354354999748466,True,0.03569845499987423,True,607,False,0,0,1.0,1.0,0.029676637999727973,True,ivf,187047936,0,,run_00064.json,2,607,0.07658518099970024,0.1583146289990509,1,[]
518336,105497,836791,,0,0.0,0,True,532,532,518336,,True,mixture,1.0,1.0,1.0,True,True,True,inverted,0.8249720519997936,True,0.01013223299969468,True,6264,False,0,0,1.0,1.0,0.7947827559996767,True,flat_batch,387629056,2,,run_00065.json,0,6264,1.146298565000052,2.776185605999217,1,[]
605,29790,9798,29790,0,0.0,12280000,True,14,14,605,188191,True,curve,1.0,1.0,1.0,True,True,True,sparse,0.017324594000001525,True,0.4538014189997739,True,614,True,0,0,1.0,1.0,0.7163496379998833,True,verified_hnsw_complete,196816896,0,0,run_00066.json,1,614,0.23790435199998683,1.4253800029996455,1,[]
536603,114134,934543,0,0,0.0,118120000,True,438,438,536603,62286115,True,mixture,1.0,1.0,1.0,True,True,True,sparse,0.6896347550000428,True,2.7940000109083485e-06,True,5906,True,0,0,1.0,1.0,7.071726231999946,True,verified_none_complete,344158208,2,14094,run_00067.json,2,5906,34.66498417699995,42.42634795799995,1,[]
536603,114134,934543,113678,0,0.0,118120000,True,438,438,536603,17724107,True,mixture,1.0,1.0,1.0,True,True,True,inverted,0.8780583859997932,True,0.9847322350001377,True,5906,True,0,0,1.0,1.0,6.9996935019999,True,verified_hnsw_complete,402456576,0,91,run_00068.json,2,5906,21.23175782899989,30.09424195199972,1,[]
558534,112872,934006,,0,0.0,0,True,478,478,558534,,True,mixture,1.0,1.0,1.0,True,True,True,sparse,0.7224448080000911,True,0.002155924999897252,True,6090,False,0,0,1.0,1.0,33.27693666999994,True,brute_force,360587264,2,,run_00069.json,1,6090,34.79930497600026,68.80084237900019,1,[]
171881,53884,189395,,0,1.8266571499407291,0,False,749,6670,83,,False,gaussian,0.19660304671182516,1.0,0.19660304671182516,False,False,True,sparse,0.2744557150003857,True,0.03614648600023429,False,6747,False,61038,0,1.0,0.46887454099302134,0.23734143699994092,False,ivf,242753536,0,,run_00070.json,0,7863,0.7591297930002838,1.3070734310008447,1,[]
592,29557,9561,29557,0,0.0,12100000,True,17,17,592,182710,True,curve,1.0,1.0,1.0,True,True,True,sparse,0.017365408999921783,True,0.4526992920000339,True,605,True,0,0,1.0,1.0,0.7065806289997454,True,verified_hnsw_complete,197500928,2,0,run_00071.json,0,605,0.23583063500018397,1.412475964999885,1,[]
874254,114922,1219045,0,0,0.0,134940000,True,749,749,874254,67481705,True,gaussian,1.0,1.0,1.0,True,True,True,inverted,1.330950643000051,True,2.933999894594308e-06,True,6747,True,0,0,1.0,1.0,8.548964460999741,True,verified_none_complete,508243968,2,13253,run_00072.json,0,6747,36.93828122900004,46.81819926699973,1,[]
830542,112442,1128697,112112,0,0.8076214790344238,0,False,795,867,319560,24668095,True,gaussian,0.9886710338202436,1.0,0.9886710338202436,False,False,True,sparse,1.0252332009999918,True,1.275101708999955,True,6868,False,2076,0,1.0,0.9818718454740739,0.0,False,verified_hnsw_partial,468836352,1,330,run_00073.json,2,6868,35.0851727270001,37.385507637000046,1,[]
840059,114518,1150593,,0,0.0,0,True,795,795,840059,,True,gaussian,1.0,1.0,1.0,True,True,True,inverted,1.2716008590000456,True,0.008509624999987864,True,6868,False,0,0,1.0,1.0,4.537004367999998,True,ckdtree,505110528,2,,run_00074.json,2,6868,4.891999809000026,10.709114661000058,1,[]
840059,114518,1150593,,0,0.0,0,True,795,795,840059,,True,gaussian,1.0,1.0,1.0,True,True,True,sparse,1.0329942439998376,True,0.041044318999865936,True,6868,False,0,0,1.0,1.0,4.30526399900009,True,ball_tree,454135808,0,,run_00075.json,2,6868,5.1815657990000545,10.560868360999848,1,[]
0,20000,0,0,0,0.06139488639058288,0,False,14,614,0,11529689,True,curve,0.0,1.0,0.0,False,False,True,sparse,0.012610938999841892,True,2.8630001907004043e-06,True,614,False,9790,0,1.0,0.671366230278617,0.0,False,verified_none_partial,187047936,2,19386,run_00076.json,1,614,1.5099247050002305,1.522538507000263,1,[]
0,20000,0,0,0,0.07521863737884832,0,False,9,607,0,11324420,True,curve,0.0,1.0,0.0,False,False,True,sparse,0.012978375999864511,True,3.353000010974938e-06,True,607,False,9797,0,1.0,0.6712085109239185,0.0,False,verified_none_partial,187047936,2,19393,run_00077.json,2,607,1.4667484460001106,1.479730174999986,1,[]
536603,114134,934543,113678,0,0.0,118120000,True,438,438,536603,17724107,True,mixture,1.0,1.0,1.0,True,True,True,sparse,0.680118671999935,True,0.9737265149997256,True,5906,True,0,0,1.0,1.0,7.194092232000003,True,verified_hnsw_complete,371671040,1,91,run_00078.json,2,5906,20.2996718280001,29.147609246999764,1,[]
558534,112872,934006,,0,0.0,0,True,478,478,558534,,True,mixture,1.0,1.0,1.0,True,True,True,inverted,0.8588933529999849,True,0.04026738199991087,True,6090,False,0,0,1.0,1.0,0.9910076660003142,True,ball_tree,389611520,0,,run_00079.json,1,6090,1.7006755940001312,3.5908439950003412,1,[]
373603,88810,529493,,0,0.6199873238801956,0,False,478,4680,3181,,False,mixture,0.6688992970884494,1.0,0.6688992970884494,False,False,True,inverted,0.5709069380000074,True,0.03683495499990386,False,6090,False,24062,0,1.0,0.7868204692040541,0.22676342800014027,False,ivf,339243008,1,,run_00080.json,1,6332,0.6305760440000086,1.46508136500006,1,[]
0,20000,0,0,0,2.3112549632787704,0,False,749,6747,0,67481705,True,gaussian,0.0,1.0,0.0,False,False,True,inverted,0.01738414700002977,True,2.8630001907004043e-06,True,6747,False,94922,0,1.0,0.17403108195123648,0.0,False,verified_none_partial,187047936,1,13253,run_00081.json,0,6747,35.414355701000204,35.431742711000425,1,[]
168807,54021,185686,,0,1.9382469292197908,0,False,795,6795,80,,False,gaussian,0.20094660017927313,1.0,0.20094660017927313,False,False,True,sparse,0.2592867840003237,True,0.03990592399986781,False,6868,False,60497,0,1.0,0.4717249690005065,0.24342050300037954,False,ivf,241426432,1,,run_00082.json,2,8032,0.7722476570002073,1.3148608680007783,1,[]
0,20000,0,0,0,2.4398670569062233,0,False,526,6055,0,63227724,True,gaussian,0.0,1.0,0.0,False,False,True,inverted,0.01690993600004731,True,2.8640001801250037e-06,True,6055,False,108268,0,1.0,0.15592353509838774,0.0,False,verified_none_partial,187047936,2,13945,run_00083.json,1,6055,34.8724752789999,34.88938807900013,1,[]
536603,114134,934543,,0,0.0,0,True,438,438,536603,,True,mixture,1.0,1.0,1.0,True,True,True,inverted,0.8327084879997528,True,0.009206746000018029,True,5906,False,0,0,1.0,1.0,0.7440758419998019,True,flat_batch,394362880,2,,run_00084.json,2,5906,1.0939096679999238,2.6799007439994966,1,[]
830440,112112,1128489,,0,0.8076214790344238,0,False,795,904,289289,,False,gaussian,0.9885496137771276,1.0,0.9885496137771276,False,False,True,sparse,1.0319392880001033,True,1.2550059559998772,False,6868,False,2406,0,1.0,0.9789902024135944,20.389766514000257,False,hnsw,468140032,1,,run_00085.json,2,7061,22.187923873999807,44.864635632000045,1,[]
601,29797,9800,,0,0.0,0,True,9,9,601,,True,curve,1.0,1.0,1.0,True,True,True,inverted,0.019395552000332827,True,0.04193593799982409,True,607,False,0,0,1.0,1.0,0.07644134099973598,True,ball_tree,187047936,0,,run_00086.json,2,607,0.15501152900014858,0.2927843600000415,1,[]
874254,114922,1219045,,0,0.0,0,True,749,749,874254,,True,gaussian,1.0,1.0,1.0,True,True,True,sparse,1.0828713299997617,True,0.002081006000025809,True,6747,False,0,0,1.0,1.0,35.93755074400042,True,brute_force,465379328,1,,run_00087.json,0,6747,37.030616197999734,74.05311927799994,1,[]
954921,128268,1419251,124630,0,0.0,121100000,True,526,526,954921,19521930,True,gaussian,1.0,1.0,1.0,True,True,True,inverted,1.4815535329998966,True,1.2765604809997058,True,6055,True,0,0,1.0,1.0,7.4483998540003995,True,verified_hnsw_complete,566968320,1,396,run_00088.json,1,6055,29.59890806500016,39.80542193300016,1,[]
605,29790,9798,29790,0,0.0,0,True,14,14,605,188191,True,curve,1.0,1.0,1.0,True,True,True,inverted,0.018398165999769844,True,0.4516582690002906,True,614,False,0,0,1.0,1.0,0.0,True,verified_hnsw_partial,194277376,1,0,run_00089.json,1,614,0.24205127200002607,0.7121077070000865,1,[]
864139,112095,1192190,,0,0.7710670828819275,0,False,749,868,301708,,False,gaussian,0.9884301358644055,1.0,0.9884301358644055,False,False,True,inverted,1.2951096359997791,True,1.2411760790000699,False,6747,False,2827,0,1.0,0.9754007065661927,19.89075386000013,False,hnsw,530661376,1,,run_00090.json,0,6990,21.878962838000007,44.30600241299999,1,[]
381356,92254,598855,,0,0.5024868249893188,0,False,438,3812,151450,,False,mixture,0.7106855533793139,1.0,0.7106855533793139,False,False,True,sparse,0.5041229499997826,True,0.03793952199976047,False,5906,False,21880,0,1.0,0.8082955122925684,0.23458912399973997,False,ivf,313872384,0,,run_00091.json,2,6150,0.6279188480002631,1.4045704439995461,1,[]
874254,114922,1219045,,0,0.0,0,True,749,749,874254,,True,gaussian,1.0,1.0,1.0,True,True,True,sparse,1.07944618800002,True,0.009138743999756116,True,6747,False,0,0,1.0,1.0,0.9864888269999028,True,flat_scalar,478101504,2,,run_00092.json,0,6747,1.2265783620000548,3.3016521209997336,1,[]
601,29797,9800,,0,0.0,0,True,9,9,601,,True,curve,1.0,1.0,1.0,True,True,True,inverted,0.018346076999932848,True,0.008412040000166598,True,607,False,0,0,1.0,1.0,0.04156837700020333,True,ckdtree,187047936,0,,run_00093.json,2,607,0.07955546800030788,0.14788196200061066,1,[]
864139,112095,1192190,,0,0.7710670828819275,0,False,749,868,301708,,False,gaussian,0.9884301358644055,1.0,0.9884301358644055,False,False,True,inverted,1.5467872780000107,True,1.2317351870001403,False,6747,False,2827,0,1.0,0.9754007065661927,20.850187906999963,False,hnsw,530489344,2,,run_00094.json,0,6990,22.155054525000196,45.78376489700031,1,[]
592,29557,9561,29557,0,0.0,0,True,17,17,592,182710,True,curve,1.0,1.0,1.0,True,True,True,inverted,0.0202420840000741,True,0.4794178530000863,True,605,False,0,0,1.0,1.0,0.0,True,verified_hnsw_partial,193843200,0,0,run_00095.json,0,605,0.2523069829999258,0.7519669200000862,1,[]
558534,112872,934006,,0,0.0,0,True,478,478,558534,,True,mixture,1.0,1.0,1.0,True,True,True,inverted,0.936477836999984,True,0.0019113649996143067,True,6090,False,0,0,1.0,1.0,33.8829858539998,True,brute_force,388689920,2,,run_00096.json,1,6090,39.2543750169998,74.0757500729992,1,[]
558534,112872,934006,,0,0.0,0,True,478,478,558534,,True,mixture,1.0,1.0,1.0,True,True,True,sparse,0.712099789000149,True,0.009976229000130843,True,6090,False,0,0,1.0,1.0,2.49462322699992,True,ckdtree_inflated,360869888,2,,run_00097.json,1,6090,2.8336518950000027,6.050351140000203,1,[]
0,20000,0,0,0,0.07521863737884832,0,False,9,607,0,11324420,True,curve,0.0,1.0,0.0,False,False,True,inverted,0.013380117999986396,True,3.421999736019643e-06,True,607,False,9797,0,1.0,0.6712085109239185,0.0,False,verified_none_partial,187047936,0,19393,run_00098.json,2,607,1.4688909940000485,1.482274533999771,1,[]
381356,92254,598855,,0,0.5024868249893188,0,False,438,3812,151450,,False,mixture,0.7106855533793139,1.0,0.7106855533793139,False,False,True,sparse,0.5163547470001504,True,0.037068217000069126,False,5906,False,21880,0,1.0,0.8082955122925684,0.2335904430001392,False,ivf,313466880,1,,run_00099.json,2,6150,0.6348576729997149,1.4218710800000736,1,[]
0,20000,0,0,0,2.8728722544277416,0,False,795,6868,0,68123509,True,gaussian,0.0,1.0,0.0,False,False,True,inverted,0.019194747999790707,True,2.863999725377653e-06,True,6868,False,94518,0,1.0,0.1746450339684591,0.0,False,verified_none_partial,187047936,0,13132,run_00100.json,2,6868,37.22675760000038,37.2459552119999,1,[]
518336,105497,836791,,0,0.0,0,True,532,532,518336,,True,mixture,1.0,1.0,1.0,True,True,True,inverted,0.931953103000069,True,0.0111597739996796,True,6264,False,0,0,1.0,1.0,2.8243811590000405,True,ckdtree_inflated,375087104,1,,run_00101.json,0,6264,3.4395908639999107,7.2070848999997,1,[]
874254,114922,1219045,0,0,0.0,134940000,True,749,749,874254,67481705,True,gaussian,1.0,1.0,1.0,True,True,True,inverted,1.5682328630000484,True,2.8640001801250037e-06,True,6747,True,0,0,1.0,1.0,9.615553323999848,True,verified_none_complete,507666432,1,13253,run_00102.json,0,6747,38.79667347500026,49.98046252600034,1,[]
840059,114518,1150593,,0,0.0,0,True,795,795,840059,,True,gaussian,1.0,1.0,1.0,True,True,True,sparse,1.0475667390001036,True,0.01057345399976839,True,6868,False,0,0,1.0,1.0,1.0231212570001844,True,flat_scalar,465924096,2,,run_00103.json,2,6868,1.4109953830002269,3.4922568330002832,1,[]
840059,114518,1150593,,0,0.0,0,True,795,795,840059,,True,gaussian,1.0,1.0,1.0,True,True,True,inverted,1.291356473000178,True,0.010775717999877088,True,6868,False,0,0,1.0,1.0,4.5741414299995995,True,ckdtree,505241600,1,,run_00104.json,2,6868,5.007868984000197,10.884142604999852,1,[]
558534,112872,934006,0,0,0.0,121800000,True,478,478,558534,63642275,True,mixture,1.0,1.0,1.0,True,True,True,sparse,0.8003585179999391,True,3.840999852400273e-06,True,6090,True,0,0,1.0,1.0,8.017667470000106,True,verified_none_complete,352112640,1,13910,run_00105.json,1,6090,35.8136741899998,44.6317040189997,1,[]
605,29790,9798,,0,0.0,0,True,14,14,605,,True,curve,1.0,1.0,1.0,True,True,True,inverted,0.019937111999752233,True,0.037737963999916246,True,614,False,0,0,1.0,1.0,0.030448130999957357,True,ivf,187047936,2,,run_00106.json,1,614,0.076931926999805,0.16505513399943084,1,[]
954921,128268,1419251,,0,0.0,0,True,526,526,954921,,True,gaussian,1.0,1.0,1.0,True,True,True,sparse,1.1669899149997036,True,0.011725223000212281,True,6055,False,0,0,1.0,1.0,9.128112196000075,True,ckdtree_inflated,492908544,1,,run_00107.json,1,6055,9.576780529999724,19.883607863999714,1,[]
601,29797,9800,,0,0.0,0,True,9,9,601,,True,curve,1.0,1.0,1.0,True,True,True,inverted,0.019087834999936604,True,0.011060048000217648,True,607,False,0,0,1.0,1.0,0.05236694700033695,True,ckdtree_inflated,187047936,0,,run_00108.json,2,607,0.08965359600006195,0.17216842600055315,1,[]
605,29790,9798,,0,0.0,0,True,14,14,605,,True,curve,1.0,1.0,1.0,True,True,True,sparse,0.017234715000086,True,0.037809068000115076,True,614,False,0,0,1.0,1.0,0.03088485700027377,True,ivf,187047936,1,,run_00109.json,1,614,0.07558230799986632,0.16151094800034116,1,[]
874254,114922,1219045,,0,0.0,0,True,749,749,874254,,True,gaussian,1.0,1.0,1.0,True,True,True,sparse,1.0702026769999975,True,0.008683532999839372,True,6747,False,0,0,1.0,1.0,4.456847519999883,True,ckdtree,465367040,2,,run_00110.json,0,6747,4.856746969000142,10.392480698999861,1,[]
874254,114922,1219045,,0,0.0,0,True,749,749,874254,,True,gaussian,1.0,1.0,1.0,True,True,True,inverted,1.368115317000047,True,0.01177292700003818,True,6747,False,0,0,1.0,1.0,1.032280376000017,True,flat_scalar,528437248,0,,run_00111.json,0,6747,1.268958367000323,3.6811269870004253,1,[]
536059,113769,931726,113678,0,0.08816880484422052,0,False,438,446,468537,17724107,True,mixture,0.998986215134839,1.0,0.998986215134839,False,False,True,inverted,0.848300608000045,True,1.0534642950001398,True,5906,False,365,0,1.0,0.9968020046611877,0.0,False,verified_hnsw_partial,401604608,2,91,run_00112.json,2,5906,21.746455077000064,23.64821998000025,1,[]
536603,114134,934543,,0,0.0,0,True,438,438,536603,,True,mixture,1.0,1.0,1.0,True,True,True,inverted,0.9727751169998555,True,0.0018734440000116592,True,5906,False,0,0,1.0,1.0,31.92380003299968,True,brute_force,381394944,0,,run_00113.json,2,5906,37.02904859199998,69.92749718599953,1,[]
517862,105169,834982,,0,0.12529019142190614,0,False,532,540,450430,,False,mixture,0.9990855352512655,1.0,0.9990855352512655,False,False,True,inverted,0.802169880999827,True,0.9867317529997308,False,6264,False,328,0,1.0,0.9968909068504318,4.84626158600031,False,hnsw,392781824,2,,run_00114.json,0,6321,12.871797084999798,19.506960304999666,1,[]
558534,112872,934006,,0,0.0,0,True,478,478,558534,,True,mixture,1.0,1.0,1.0,True,True,True,inverted,0.8524446799997349,True,0.00874199400004727,True,6090,False,0,0,1.0,1.0,1.0871159789999183,True,ckdtree,389726208,2,,run_00115.json,1,6090,1.400207577999936,3.3485102309996364,1,[]
874254,114922,1219045,,0,0.0,0,True,749,749,874254,,True,gaussian,1.0,1.0,1.0,True,True,True,inverted,1.2778671300002316,True,0.04243675199995778,True,6747,False,0,0,1.0,1.0,4.19711848399993,True,ball_tree,516751360,1,,run_00116.json,0,6747,5.047187615999974,10.564609982000093,1,[]
517872,105244,835017,105169,0,0.12529019142190614,0,False,532,538,463519,19834732,True,mixture,0.9991048277565131,1.0,0.9991048277565131,False,False,True,inverted,0.8286826700000347,True,1.0362771550003345,True,6264,False,253,0,1.0,0.9976018275401196,0.0,False,verified_hnsw_partial,394973184,0,75,run_00117.json,0,6264,23.301020318000155,25.165980143000525,1,[]
536603,114134,934543,,0,0.0,0,True,438,438,536603,,True,mixture,1.0,1.0,1.0,True,True,True,sparse,0.6933866030003628,True,0.010311835999800678,True,5906,False,0,0,1.0,1.0,0.7502449829999023,True,flat_batch,365236224,0,,run_00118.json,2,5906,1.1378413759998693,2.591784797999935,1,[]
343009,83358,474831,,0,0.474259568999211,0,False,532,4714,3812,,False,mixture,0.6617502932460798,1.0,0.6617502932460798,False,False,True,inverted,0.5254206310000882,True,0.036412737000318884,False,6264,False,22139,0,1.0,0.7901456913466733,0.22667825300004552,False,ivf,319123456,0,,run_00119.json,0,6520,0.6429518199997801,1.4314634410002327,1,[]
601,29797,9800,,0,0.0,0,True,9,9,601,,True,curve,1.0,1.0,1.0,True,True,True,sparse,0.01760446900016177,True,0.009379583999816532,True,607,False,0,0,1.0,1.0,0.09603539999989152,True,flat_scalar,187047936,2,,run_00120.json,2,607,0.1218531599997732,0.24487261299964302,1,[]
536059,113769,931726,113678,0,0.08816880484422052,0,False,438,446,468537,17724107,True,mixture,0.998986215134839,1.0,0.998986215134839,False,False,True,sparse,0.6839493009997568,True,0.9821897790002367,True,5906,False,365,0,1.0,0.9968020046611877,0.0,False,verified_hnsw_partial,371286016,0,91,run_00121.json,2,5906,20.470564900000227,22.13670398000022,1,[]
343009,83358,474831,,0,0.474259568999211,0,False,532,4714,3812,,False,mixture,0.6617502932460798,1.0,0.6617502932460798,False,False,True,sparse,0.4953571309997642,True,0.03668554199975915,False,6264,False,22139,0,1.0,0.7901456913466733,0.22088263100022232,False,ivf,301076480,1,,run_00122.json,0,6520,0.6337149619998854,1.386640265999631,1,[]
0,20000,0,0,0,0.8394506507449679,0,False,478,6090,0,63642275,True,mixture,0.0,1.0,0.0,False,False,True,inverted,0.017221946000063326,True,3.3520000215503387e-06,True,6090,False,92872,0,1.0,0.177191863349635,0.0,False,verified_none_partial,187047936,2,13910,run_00123.json,1,6090,35.94841024700008,35.96563554500017,1,[]
601,29796,9799,29795,0,0.00013057032175506356,0,True,9,9,601,184511,True,curve,1.0,1.0,1.0,False,False,True,inverted,0.01927334800029712,True,0.4593417529999897,True,607,False,1,0,1.0,0.9999664395744539,0.0,False,verified_hnsw_partial,193781760,0,1,run_00124.json,2,607,0.2510487079998711,0.7296638090001579,1,[]
558534,112872,934006,,0,0.0,0,True,478,478,558534,,True,mixture,1.0,1.0,1.0,True,True,True,inverted,0.9870377710003595,True,0.0505158180003491,True,6090,False,0,0,1.0,1.0,1.007083990999945,True,ball_tree,389402624,1,,run_00125.json,1,6090,1.817843215999801,3.8624807960004546,1,[]
840059,114518,1150593,112112,0,0.0,137360000,True,795,795,840059,24668095,True,gaussian,1.0,1.0,1.0,True,True,True,sparse,1.1043055320001258,True,1.2594488240001738,True,6868,True,0,0,1.0,1.0,9.534585734999837,True,verified_hnsw_complete,472367104,0,330,run_00126.json,2,6868,37.39250953800001,49.29084962900015,1,[]
558534,112872,934006,,0,0.0,0,True,478,478,558534,,True,mixture,1.0,1.0,1.0,True,True,True,inverted,0.8586138579998988,True,0.009671945999798481,True,6090,False,0,0,1.0,1.0,2.498431015999813,True,ckdtree_inflated,389636096,2,,run_00127.json,1,6090,2.796206835999783,6.162923655999293,1,[]
840059,114518,1150593,,0,0.0,0,True,795,795,840059,,True,gaussian,1.0,1.0,1.0,True,True,True,inverted,1.3239270420003777,True,0.010389643000053184,True,6868,False,0,0,1.0,1.0,4.832773739999993,True,ckdtree,505466880,0,,run_00128.json,2,6868,4.926678674999948,11.093769100000372,1,[]
518336,105497,836791,,0,0.0,0,True,532,532,518336,,True,mixture,1.0,1.0,1.0,True,True,True,sparse,0.6535585499996159,True,0.0019289699998807919,True,6264,False,0,0,1.0,1.0,29.472407766000288,True,brute_force,346615808,0,,run_00129.json,0,6264,35.24705292600038,65.37494821200016,1,[]
840059,114518,1150593,,0,0.0,0,True,795,795,840059,,True,gaussian,1.0,1.0,1.0,True,True,True,inverted,1.2620797540002968,True,0.00936503899993113,True,6868,False,0,0,1.0,1.0,1.0117450159996224,True,flat_scalar,517455872,1,,run_00130.json,2,6868,1.2332606110003326,3.516450420000183,1,[]
517862,105169,834982,,0,0.12529019142190614,0,False,532,540,450430,,False,mixture,0.9990855352512655,1.0,0.9990855352512655,False,False,True,sparse,0.7069334860007075,True,1.0519416699999056,False,6264,False,328,0,1.0,0.9968909068504318,5.314612226999998,False,hnsw,364056576,2,,run_00131.json,0,6321,13.38944507799988,20.46293246100049,1,[]
874254,114922,1219045,0,0,0.0,134940000,True,749,749,874254,67481705,True,gaussian,1.0,1.0,1.0,True,True,True,sparse,1.0838661550005781,True,2.9330003599170595e-06,True,6747,True,0,0,1.0,1.0,8.26884514700032,True,verified_none_complete,457048064,1,13253,run_00132.json,0,6747,35.95223676800015,45.304951003001406,1,[]
592,29557,9561,29557,0,0.0,12100000,True,17,17,592,182710,True,curve,1.0,1.0,1.0,True,True,True,inverted,0.018237870000120893,True,0.4526472059997104,True,605,True,0,0,1.0,1.0,0.7110356749999482,True,verified_hnsw_complete,201080832,0,0,run_00133.json,0,605,0.23524876200008293,1.4171695129998625,1,[]
601,29797,9800,,0,0.0,0,True,9,9,601,,True,curve,1.0,1.0,1.0,True,True,True,inverted,0.018857783999919775,True,0.009703089000140608,True,607,False,0,0,1.0,1.0,0.05382711099991866,True,ckdtree_inflated,187047936,1,,run_00134.json,2,607,0.09052864699970087,0.1729166309996799,1,[]
558032,112504,931848,,0,0.07835624615351366,0,False,478,481,485901,,False,mixture,0.9991012185471252,1.0,0.9991012185471252,False,False,True,sparse,0.7700602750001053,True,1.0026103170002898,False,6090,False,368,0,1.0,0.9967396697143667,5.123492806000286,False,hnsw,378257408,0,,run_00135.json,1,6155,12.849688907999735,19.745852306000415,1,[]
601,29797,9800,0,0,0.0,12140000,True,9,9,601,11324420,True,curve,1.0,1.0,1.0,True,True,True,sparse,0.017070824999791512,True,3.840999852400273e-06,True,607,True,0,0,1.0,1.0,0.7286800399997446,True,verified_none_complete,187047936,2,19393,run_00136.json,2,607,1.51106043100026,2.2568151369996485,1,[]
874254,114922,1219045,112095,0,0.0,134940000,True,749,749,874254,23929736,True,gaussian,1.0,1.0,1.0,True,True,True,inverted,1.3202322379993348,True,1.364506474999871,True,6747,True,0,0,1.0,1.0,9.014931493999939,True,verified_hnsw_complete,537296896,0,364,run_00137.json,0,6747,35.57130184899961,47.270972055998755,1,[]
830440,112112,1128489,,0,0.8076214790344238,0,False,795,904,289289,,False,gaussian,0.9885496137771276,1.0,0.9885496137771276,False,False,True,inverted,1.2488081479996254,True,1.266020043000026,False,6868,False,2406,0,1.0,0.9789902024135944,20.336106929999914,False,hnsw,519757824,0,,run_00138.json,2,7061,22.257082017999892,45.10801713899946,1,[]
605,29790,9798,,0,0.0,0,True,14,14,605,,True,curve,1.0,1.0,1.0,True,True,True,inverted,0.017712486000164063,True,0.00840530999994371,True,614,False,0,0,1.0,1.0,0.04085348799981148,True,ckdtree,187047936,0,,run_00139.json,1,614,0.0793052600001829,0.14627654400010215,1,[]
0,20000,0,0,0,0.07974993310323575,0,False,17,605,0,11253106,True,curve,0.0,1.0,0.0,False,False,True,sparse,0.012495449999732955,True,3.353000465722289e-06,True,605,False,9557,0,1.0,0.6766586595391955,0.0,False,verified_none_partial,187047936,0,19395,run_00140.json,0,605,1.4405276670004241,1.4530264700006228,1,[]
592,29557,9561,,0,0.0,0,True,17,17,592,,True,curve,1.0,1.0,1.0,True,True,True,inverted,0.018665407000298728,True,0.009274699999878067,True,605,False,0,0,1.0,1.0,0.09577477800030465,True,flat_scalar,187047936,2,,run_00141.json,0,605,0.12178704399957496,0.2455019290000564,1,[]
605,29790,9798,29790,0,0.0,0,True,14,14,605,188191,True,curve,1.0,1.0,1.0,True,True,True,sparse,0.016873268999916036,True,0.4400453219996052,True,614,False,0,0,1.0,1.0,0.0,True,verified_hnsw_partial,193724416,0,0,run_00142.json,1,614,0.2356353240002136,0.6925539149997348,1,[]
592,29557,9561,,0,0.0,0,True,17,17,592,,True,curve,1.0,1.0,1.0,True,True,True,sparse,0.01716821100035304,True,0.010216934999334626,True,605,False,0,0,1.0,1.0,0.07979869799964945,True,flat_batch,187047936,2,,run_00143.json,0,605,0.12224953899931279,0.2294333829986499,1,[]
558032,112504,931848,,0,0.07835624615351366,0,False,478,481,485901,,False,mixture,0.9991012185471252,1.0,0.9991012185471252,False,False,True,inverted,0.8590100800001892,True,0.9804027970003517,False,6090,False,368,0,1.0,0.9967396697143667,4.664747613000145,False,hnsw,407105536,1,,run_00144.json,1,6155,12.306811853,18.810972343000685,1,[]
168807,54021,185686,,0,1.9382469292197908,0,False,795,6795,80,,False,gaussian,0.20094660017927313,1.0,0.20094660017927313,False,False,True,inverted,0.2800391689997923,True,0.03634654599954956,False,6868,False,60497,0,1.0,0.4717249690005065,0.233484903000317,False,ivf,251858944,1,,run_00145.json,2,8032,0.7650513270000374,1.3149219449996963,1,[]
840059,114518,1150593,,0,0.0,0,True,795,795,840059,,True,gaussian,1.0,1.0,1.0,True,True,True,sparse,1.043452982999952,True,0.008815004999632947,True,6868,False,0,0,1.0,1.0,4.419232309000108,True,ckdtree,454275072,2,,run_00146.json,2,6868,4.943392325999412,10.414892622999105,1,[]
940581,125026,1380787,124630,0,0.7075763940811157,0,False,526,658,259614,19521930,True,gaussian,0.9849830509539532,1.0,0.9849830509539532,False,False,True,inverted,1.4400737840005604,True,1.3920250119999764,True,6055,False,3242,0,1.0,0.9747247949605513,0.0,False,verified_hnsw_partial,561037312,2,396,run_00147.json,1,6055,29.760464231999322,32.59256302799986,1,[]
940504,124630,1380528,,0,0.7075763940811157,0,False,526,701,233012,,False,gaussian,0.9849024160113768,1.0,0.9849024160113768,False,False,True,inverted,1.4409378139998807,True,1.2561789809997208,False,6055,False,3638,0,1.0,0.9716375089656033,17.927038187999642,False,hnsw,558014464,2,,run_00148.json,1,6301,19.749700990999372,40.373855973998616,1,[]
0,20000,0,0,0,0.07974993310323575,0,False,17,605,0,11253106,True,curve,0.0,1.0,0.0,False,False,True,inverted,0.01348799199968198,True,3.352999556227587e-06,True,605,False,9557,0,1.0,0.6766586595391955,0.0,False,verified_none_partial,187047936,1,19395,run_00149.json,0,605,1.4351338220003527,1.4486251669995909,1,[]
0,20000,0,0,0,2.8728722544277416,0,False,795,6868,0,68123509,True,gaussian,0.0,1.0,0.0,False,False,True,sparse,0.06716151799992076,True,3.2130001272889785e-06,True,6868,False,94518,0,1.0,0.1746450339684591,0.0,False,verified_none_partial,187047936,0,13132,run_00150.json,2,6868,36.8847895910003,36.95195432200035,1,[]
558534,112872,934006,,0,0.0,0,True,478,478,558534,,True,mixture,1.0,1.0,1.0,True,True,True,inverted,0.8559750660006102,True,0.009123928000008164,True,6090,False,0,0,1.0,1.0,0.7811937950000356,True,flat_batch,401559552,2,,run_00151.json,1,6090,1.1100005939997573,2.7562933830004113,1,[]
874254,114922,1219045,,0,0.0,0,True,749,749,874254,,True,gaussian,1.0,1.0,1.0,True,True,True,inverted,1.3144790629994532,True,0.010103670999342285,True,6747,False,0,0,1.0,1.0,10.048855415999242,True,ckdtree_inflated,516595712,2,,run_00152.json,0,6747,10.359240595000301,21.73267874499834,1,[]
605,29790,9798,,0,0.0,0,True,14,14,605,,True,curve,1.0,1.0,1.0,True,True,True,inverted,0.017914088999532396,True,0.009819765999964147,True,614,False,0,0,1.0,1.0,0.04105912500017439,True,ckdtree,187047936,1,,run_00153.json,1,614,0.08013383200068347,0.1489268120003544,1,[]
168807,54021,185686,,0,1.9382469292197908,0,False,795,6795,80,,False,gaussian,0.20094660017927313,1.0,0.20094660017927313,False,False,True,inverted,0.28282854600001883,True,0.037617527000293194,False,6868,False,60497,0,1.0,0.4717249690005065,0.23838781700032996,False,ivf,251932672,0,,run_00154.json,2,8032,0.7693953089992647,1.3282291989999067,1,[]
558032,112504,931848,,0,0.07835624615351366,0,False,478,481,485901,,False,mixture,0.9991012185471252,1.0,0.9991012185471252,False,False,True,inverted,0.8620477389995358,True,0.9824981330002629,False,6090,False,368,0,1.0,0.9967396697143667,4.71107162699991,False,hnsw,407146496,2,,run_00155.json,1,6155,12.331059203999757,18.886676702999466,1,[]
592,29557,9561,,0,0.0,0,True,17,17,592,,True,curve,1.0,1.0,1.0,True,True,True,sparse,0.016748571999414708,True,0.00947020999956294,True,605,False,0,0,1.0,1.0,0.052067610999984026,True,ckdtree_inflated,187047936,1,,run_00156.json,0,605,0.0914335689994914,0.16971996199845307,1,[]
954921,128268,1419251,,0,0.0,0,True,526,526,954921,,True,gaussian,1.0,1.0,1.0,True,True,True,sparse,1.1878931830005968,True,0.011328911999953561,True,6055,False,0,0,1.0,1.0,9.187273421999635,True,ckdtree_inflated,492654592,0,,run_00157.json,1,6055,9.519062174000283,19.905557691000467,1,[]
373603,88810,529493,,0,0.6199873238801956,0,False,478,4680,3181,,False,mixture,0.6688992970884494,1.0,0.6688992970884494,False,False,True,inverted,0.596656382999754,True,0.04273108699999284,False,6090,False,24062,0,1.0,0.7868204692040541,0.22918073300024844,False,ivf,339386368,0,,run_00158.json,1,6332,0.634543162999762,1.5031113659997573,1,[]
601,29797,9800,0,0,0.0,12140000,True,9,9,601,11324420,True,curve,1.0,1.0,1.0,True,True,True,sparse,0.016854595999575395,True,3.2819998523336835e-06,True,607,True,0,0,1.0,1.0,0.6997204290000809,True,verified_none_complete,187047936,0,19393,run_00159.json,2,607,1.4668521139992663,2.183430420998775,1,[]
592,29557,9561,,0,0.0,0,True,17,17,592,,True,curve,1.0,1.0,1.0,True,True,True,inverted,0.018746753000414174,True,0.4531176959999357,True,605,False,0,0,1.0,1.0,0.14713600100003532,True,hnsw,192483328,2,,run_00160.json,0,605,0.17358352199971705,0.7925839720001022,1,[]
874254,114922,1219045,0,0,0.0,134940000,True,749,749,874254,67481705,True,gaussian,1.0,1.0,1.0,True,True,True,sparse,1.165803271999721,True,4.331000127422158e-06,True,6747,True,0,0,1.0,1.0,8.735301067999899,True,verified_none_complete,456990720,2,13253,run_00161.json,0,6747,38.76974265100034,48.67085132200009,1,[]
592,29557,9561,,0,0.0,0,True,17,17,592,,True,curve,1.0,1.0,1.0,True,True,True,sparse,0.016909845999180106,True,0.008303716000227723,True,605,False,0,0,1.0,1.0,0.03915393999977823,True,ckdtree,187047936,0,,run_00162.json,0,605,0.07638317500004632,0.14075067699923238,1,[]
558534,112872,934006,,0,0.0,0,True,478,478,558534,,True,mixture,1.0,1.0,1.0,True,True,True,inverted,0.9415072550000332,True,0.011562609000066004,True,6090,False,0,0,1.0,1.0,2.686487149000641,True,ckdtree_inflated,389365760,1,,run_00163.json,1,6090,3.3834680790005223,7.023025092001262,1,[]
605,29790,9798,0,0,0.0,12280000,True,14,14,605,11529689,True,curve,1.0,1.0,1.0,True,True,True,inverted,0.024581495000347786,True,4.331000127422158e-06,True,614,True,0,0,1.0,1.0,0.9495133000000351,True,verified_none_complete,187047936,0,19386,run_00164.json,1,614,1.6663121010005852,2.6404112270010955,1,[]
840059,114518,1150593,0,0,0.0,137360000,True,795,795,840059,68123509,True,gaussian,1.0,1.0,1.0,True,True,True,sparse,1.0938073459992665,True,3.7710005926783197e-06,True,6868,True,0,0,1.0,1.0,9.384509507000075,True,verified_none_complete,445067264,2,13132,run_00165.json,2,6868,41.04760752400034,51.525928148000276,1,[]
605,29790,9798,,0,0.0,0,True,14,14,605,,True,curve,1.0,1.0,1.0,True,True,True,inverted,0.02030927000032534,True,0.04226143100004265,True,614,False,0,0,1.0,1.0,0.07013290699978825,True,ball_tree,187047936,1,,run_00166.json,1,614,0.15367211600005248,0.2863757240002087,1,[]
605,29790,9798,,0,0.0,0,True,14,14,605,,True,curve,1.0,1.0,1.0,True,True,True,inverted,0.02244049700038886,True,0.04464911800005211,True,614,False,0,0,1.0,1.0,0.06767817299987655,True,ball_tree,187047936,2,,run_00167.json,1,614,0.15218944099979126,0.2869572290001088,1,[]
518336,105497,836791,,0,0.0,0,True,532,532,518336,,True,mixture,1.0,1.0,1.0,True,True,True,sparse,0.6949567040001057,True,0.019344122999427782,True,6264,False,0,0,1.0,1.0,0.7918610059996354,True,flat_batch,359403520,0,,run_00168.json,0,6264,1.1637952790006239,2.6699571119997927,1,[]
840059,114518,1150593,0,0,0.0,137360000,True,795,795,840059,68123509,True,gaussian,1.0,1.0,1.0,True,True,True,inverted,1.2978790560000562,True,2.8629992812057026e-06,True,6868,True,0,0,1.0,1.0,8.778277615999286,True,verified_none_complete,496664576,2,13132,run_00169.json,2,6868,36.31221826900037,46.38837780399899,1,[]
592,29557,9561,,0,0.0,0,True,17,17,592,,True,curve,1.0,1.0,1.0,True,True,True,inverted,0.018485841000256187,True,0.008355055000720313,True,605,False,0,0,1.0,1.0,0.03998249800042686,True,ckdtree,187047936,1,,run_00170.json,0,605,0.07593308900050033,0.1427564830019037,1,[]
592,29557,9561,,0,0.0,0,True,17,17,592,,True,curve,1.0,1.0,1.0,True,True,True,sparse,0.017058270000234188,True,0.04201203600041481,True,605,False,0,0,1.0,1.0,0.06658809600048698,True,ball_tree,187047936,0,,run_00171.json,0,605,0.13841224299994792,0.2640706450010839,1,[]
0,20000,0,0,0,0.8394506507449679,0,False,478,6090,0,63642275,True,mixture,0.0,1.0,0.0,False,False,True,sparse,0.05994068299969513,True,2.8640006348723546e-06,True,6090,False,92872,0,1.0,0.177191863349635,0.0,False,verified_none_partial,187047936,0,13910,run_00172.json,1,6090,34.89132478600004,34.95126833300037,1,[]
840059,114518,1150593,,0,0.0,0,True,795,795,840059,,True,gaussian,1.0,1.0,1.0,True,True,True,sparse,1.0466238600001816,True,0.041957075000027544,True,6868,False,0,0,1.0,1.0,4.261512398999912,True,ball_tree,454381568,1,,run_00173.json,2,6868,5.121677544000704,10.471770878000825,1,[]
601,29797,9800,,0,0.0,0,True,9,9,601,,True,curve,1.0,1.0,1.0,True,True,True,sparse,0.01701141000012285,True,0.011724791000233381,True,607,False,0,0,1.0,1.0,0.05133601699981227,True,ckdtree_inflated,187047936,0,,run_00174.json,2,607,0.09013533000052121,0.1702075480006897,1,[]
592,29557,9561,,0,0.0,0,True,17,17,592,,True,curve,1.0,1.0,1.0,True,True,True,sparse,0.016533761000573577,True,0.002839914999640314,True,605,False,0,0,1.0,1.0,2.681173066000156,True,brute_force,187047936,2,,run_00175.json,0,605,2.820306784999957,5.520853527000327,1,[]
840059,114518,1150593,,0,0.0,0,True,795,795,840059,,True,gaussian,1.0,1.0,1.0,True,True,True,sparse,1.0569179450003503,True,0.011222418000215839,True,6868,False,0,0,1.0,1.0,0.8625149649997184,True,flat_batch,466440192,0,,run_00176.json,2,6868,1.2311865239998951,3.1618418520001796,1,[]
605,29790,9798,,0,0.0,0,True,14,14,605,,True,curve,1.0,1.0,1.0,True,True,True,inverted,0.0188669730005131,True,0.011011356999915733,True,614,False,0,0,1.0,1.0,0.053176567000264185,True,ckdtree_inflated,187047936,0,,run_00177.json,1,614,0.09016592699936155,0.17322082400005456,1,[]
558534,112872,934006,112504,0,0.0,121800000,True,478,478,558534,18756376,True,mixture,1.0,1.0,1.0,True,True,True,inverted,0.8628858530000798,True,0.9799465460000647,True,6090,True,0,0,1.0,1.0,7.1793857029997525,True,verified_hnsw_complete,410320896,1,75,run_00178.json,1,6090,20.86853737399997,29.890755475999867,1,[]
518336,105497,836791,105169,0,0.0,125280000,True,532,532,518336,19834732,True,mixture,1.0,1.0,1.0,True,True,True,sparse,0.6591589350000504,True,0.9705412230005095,True,6264,True,0,0,1.0,1.0,7.590769553999962,True,verified_hnsw_complete,364740608,1,75,run_00179.json,0,6264,21.666380578000826,30.886850290001348,1,[]
0,20000,0,0,0,2.3112549632787704,0,False,749,6747,0,67481705,True,gaussian,0.0,1.0,0.0,False,False,True,sparse,0.06802980700012995,True,3.352999556227587e-06,True,6747,False,94922,0,1.0,0.17403108195123648,0.0,False,verified_none_partial,187047936,2,13253,run_00180.json,0,6747,35.38652001999981,35.45455317999949,1,[]
189473,58141,213007,,0,1.6059436053037643,0,False,526,6010,49,,False,gaussian,0.19841746071140964,1.0,0.19841746071140964,False,False,True,inverted,0.31458624199967744,True,0.038934191000407736,False,6055,False,70127,0,1.0,0.4532775127077681,0.21102515400070843,False,ivf,264544256,0,,run_00181.json,1,7155,0.6989534390004337,1.2634990260012273,1,[]
373603,88810,529493,,0,0.6199873238801956,0,False,478,4680,3181,,False,mixture,0.6688992970884494,1.0,0.6688992970884494,False,False,True,sparse,0.4916225899996789,True,0.036301637000178744,False,6090,False,24062,0,1.0,0.7868204692040541,0.2224232349999511,False,ivf,311373824,1,,run_00182.json,1,6332,0.622900686000321,1.3732481480001297,1,[]
592,29557,9561,,0,0.0,0,True,17,17,592,,True,curve,1.0,1.0,1.0,True,True,True,inverted,0.01885349900021538,True,0.04156807400067919,True,605,False,0,0,1.0,1.0,0.06493923200014251,True,ball_tree,187047936,1,,run_00183.json,0,605,0.14146099300069181,0.2668217980017289,1,[]
536603,114134,934543,113678,0,0.0,118120000,True,438,438,536603,17724107,True,mixture,1.0,1.0,1.0,True,True,True,sparse,0.6766998849998345,True,0.9650503109996862,True,5906,True,0,0,1.0,1.0,7.3856704520003404,True,verified_hnsw_complete,371265536,2,91,run_00184.json,2,5906,20.30736722599977,29.33478787399963,1,[]
558534,112872,934006,0,0,0.0,121800000,True,478,478,558534,63642275,True,mixture,1.0,1.0,1.0,True,True,True,inverted,0.8820751909997853,True,2.8640006348723546e-06,True,6090,True,0,0,1.0,1.0,7.871837243999835,True,verified_none_complete,380690432,2,13910,run_00185.json,1,6090,35.405340706999596,44.15925600599985,1,[]
0,20000,0,0,0,2.4398670569062233,0,False,526,6055,0,63227724,True,gaussian,0.0,1.0,0.0,False,False,True,sparse,0.059169526000005135,True,3.3520000215503387e-06,True,6055,False,108268,0,1.0,0.15592353509838774,0.0,False,verified_none_partial,187047936,1,13945,run_00186.json,1,6055,35.599634793000405,35.65880767100043,1,[]
605,29790,9798,,0,0.0,0,True,14,14,605,,True,curve,1.0,1.0,1.0,True,True,True,sparse,0.01811715900021227,True,0.0025398750003660098,True,614,False,0,0,1.0,1.0,3.5359771909998017,True,brute_force,187047936,1,,run_00187.json,1,614,3.5895525679998173,7.146186793000197,1,[]
874254,114922,1219045,,0,0.0,0,True,749,749,874254,,True,gaussian,1.0,1.0,1.0,True,True,True,inverted,1.3127337330006412,True,0.041401230000701617,True,6747,False,0,0,1.0,1.0,4.196305642999505,True,ball_tree,516943872,0,,run_00188.json,0,6747,5.04191351100053,10.592354117001378,1,[]
0,20000,0,0,0,2.3112549632787704,0,False,749,6747,0,67481705,True,gaussian,0.0,1.0,0.0,False,False,True,inverted,0.017297284999585827,True,3.352999556227587e-06,True,6747,False,94922,0,1.0,0.17403108195123648,0.0,False,verified_none_partial,187047936,2,13253,run_00189.json,0,6747,37.25466876599967,37.27196940399881,1,[]
601,29797,9800,,0,0.0,0,True,9,9,601,,True,curve,1.0,1.0,1.0,True,True,True,inverted,0.018443322999701195,True,0.036044070999196265,True,607,False,0,0,1.0,1.0,0.02957893500024511,True,ivf,187047936,1,,run_00190.json,2,607,0.07498113899964665,0.15904746799878922,1,[]
874254,114922,1219045,,0,0.0,0,True,749,749,874254,,True,gaussian,1.0,1.0,1.0,True,True,True,sparse,1.1002025369998591,True,0.009368818000439205,True,6747,False,0,0,1.0,1.0,0.9960726879999129,True,flat_scalar,477495296,1,,run_00191.json,0,6747,1.2225209200005338,3.328164963000745,1,[]
605,29790,9798,,0,0.0,0,True,14,14,605,,True,curve,1.0,1.0,1.0,True,True,True,sparse,0.017699785000331758,True,0.010716421000324772,True,614,False,0,0,1.0,1.0,0.09600156400028936,True,flat_scalar,187047936,0,,run_00192.json,1,614,0.1276266629993188,0.2520444330002647,1,[]
592,29557,9561,,0,0.0,0,True,17,17,592,,True,curve,1.0,1.0,1.0,True,True,True,inverted,0.01793501300016942,True,0.01065740400008508,True,605,False,0,0,1.0,1.0,0.0417549149997285,True,ckdtree,187047936,0,,run_00193.json,0,605,0.08125281499997072,0.15160014699995372,1,[]
518336,105497,836791,,0,0.0,0,True,532,532,518336,,True,mixture,1.0,1.0,1.0,True,True,True,inverted,0.8701035439999032,True,0.009647418999520596,True,6264,False,0,0,1.0,1.0,0.8007349070003329,True,flat_batch,387448832,0,,run_00194.json,0,6264,1.1490882100006274,2.829574080000384,1,[]
605,29790,9798,,0,0.0,0,True,14,14,605,,True,curve,1.0,1.0,1.0,True,True,True,sparse,0.017949330999726953,True,0.010461287999532942,True,614,False,0,0,1.0,1.0,0.08424645500053884,True,flat_batch,187047936,0,,run_00195.json,1,614,0.12485232899962284,0.23750940299942158,1,[]
601,29797,9800,,0,0.0,0,True,9,9,601,,True,curve,1.0,1.0,1.0,True,True,True,inverted,0.018367964000390202,True,0.03733140099939192,True,607,False,0,0,1.0,1.0,0.02957404700009647,True,ivf,187047936,0,,run_00196.json,2,607,0.07560133999959362,0.1608747519994722,1,[]
954921,128268,1419251,124630,0,0.0,121100000,True,526,526,954921,19521930,True,gaussian,1.0,1.0,1.0,True,True,True,sparse,1.2566437390005376,True,1.2418980849997752,True,6055,True,0,0,1.0,1.0,7.8725626530003865,True,verified_hnsw_complete,510877696,0,396,run_00197.json,1,6055,30.42500933699921,40.79611381399991,1,[]
605,29790,9798,,0,0.0,0,True,14,14,605,,True,curve,1.0,1.0,1.0,True,True,True,inverted,0.018639371000062965,True,0.4950067859999763,True,614,False,0,0,1.0,1.0,0.14052635500047472,True,hnsw,192356352,1,,run_00198.json,1,614,0.18136850799965032,0.8355410200001643,1,[]
601,29795,9799,,0,0.00037007307853165194,0,True,9,9,601,,False,curve,1.0,1.0,1.0,False,False,True,sparse,0.016986839000310283,True,0.5367602389997046,False,607,False,2,0,1.0,0.9999328791489076,0.1482855260001088,False,hnsw,187047936,0,,run_00199.json,2,608,0.17684728499989433,0.878879889000018,1,[]
605,29790,9798,,0,0.0,0,True,14,14,605,,True,curve,1.0,1.0,1.0,True,True,True,inverted,0.01961541400032729,True,0.0406100680002055,True,614,False,0,0,1.0,1.0,0.031675245999394974,True,ivf,187113472,0,,run_00200.json,1,614,0.07925568799964822,0.17115641599957598,1,[]
874254,114922,1219045,,0,0.0,0,True,749,749,874254,,True,gaussian,1.0,1.0,1.0,True,True,True,inverted,1.4018562510000265,True,0.012929296000038448,True,6747,False,0,0,1.0,1.0,0.865749240999321,True,flat_batch,529182720,2,,run_00201.json,0,6747,1.2613999429995602,3.541934730998946,1,[]
518336,105497,836791,,0,0.0,0,True,532,532,518336,,True,mixture,1.0,1.0,1.0,True,True,True,sparse,0.6979527290004626,True,0.041526045999489725,True,6264,False,0,0,1.0,1.0,1.0745883879999383,True,ball_tree,346341376,0,,run_00202.json,0,6264,1.9857761709999977,3.7998433339998883,1,[]
830440,112112,1128489,,0,0.8076214790344238,0,False,795,904,289289,,False,gaussian,0.9885496137771276,1.0,0.9885496137771276,False,False,True,inverted,1.3989967279994744,True,1.2615525889996206,False,6868,False,2406,0,1.0,0.9789902024135944,21.577108468000006,False,hnsw,519020544,1,,run_00203.json,2,7061,23.794288860999586,48.03194664599869,1,[]
558534,112872,934006,,0,0.0,0,True,478,478,558534,,True,mixture,1.0,1.0,1.0,True,True,True,sparse,0.7110316690004765,True,0.010656008000296424,True,6090,False,0,0,1.0,1.0,0.9011252090003836,True,flat_scalar,373235712,0,,run_00204.json,1,6090,1.1099569469997732,2.73276983300093,1,[]
171881,53884,189395,,0,1.8266571499407291,0,False,749,6670,83,,False,gaussian,0.19660304671182516,1.0,0.19660304671182516,False,False,True,sparse,0.26461387800009106,True,0.038367793000361416,False,6747,False,61038,0,1.0,0.46887454099302134,0.23367525199955708,False,ivf,242769920,2,,run_00205.json,0,7863,0.7466105359999347,1.2832674589999442,1,[]
840059,114518,1150593,,0,0.0,0,True,795,795,840059,,True,gaussian,1.0,1.0,1.0,True,True,True,sparse,1.0601894900000843,True,0.011140014999909909,True,6868,False,0,0,1.0,1.0,0.9049272169995675,True,flat_batch,465522688,1,,run_00206.json,2,6868,1.3020618930004275,3.2783186149999892,1,[]
536603,114134,934543,,0,0.0,0,True,438,438,536603,,True,mixture,1.0,1.0,1.0,True,True,True,sparse,0.7586340709995056,True,0.008517375999872456,True,5906,False,0,0,1.0,1.0,1.111930301999564,True,ckdtree,352440320,0,,run_00207.json,2,5906,1.5121364259994152,3.3912181749983574,1,[]
536603,114134,934543,,0,0.0,0,True,438,438,536603,,True,mixture,1.0,1.0,1.0,True,True,True,sparse,0.7484313429995382,True,0.011521003000780183,True,5906,False,0,0,1.0,1.0,0.8945731559997512,True,flat_scalar,365666304,1,,run_00208.json,2,5906,1.1833874479998485,2.837912949999918,1,[]
381356,92254,598855,,0,0.5024868249893188,0,False,438,3812,151450,,False,mixture,0.7106855533793139,1.0,0.7106855533793139,False,False,True,inverted,0.6332419909995224,True,0.04457528500006447,False,5906,False,21880,0,1.0,0.8082955122925684,0.24134622200017475,False,ivf,341782528,0,,run_00209.json,2,6150,0.6442407140002615,1.563404212000023,1,[]
601,29797,9800,,0,0.0,0,True,9,9,601,,True,curve,1.0,1.0,1.0,True,True,True,inverted,0.018579658999442472,True,0.010954932999993616,True,607,False,0,0,1.0,1.0,0.050790459000381816,True,ckdtree_inflated,187047936,2,,run_00210.json,2,607,0.08755977900000289,0.1678848299998208,1,[]
536603,114134,934543,,0,0.0,0,True,438,438,536603,,True,mixture,1.0,1.0,1.0,True,True,True,sparse,0.686551168000733,True,0.010662155000318307,True,5906,False,0,0,1.0,1.0,0.7346707970000352,True,flat_batch,365301760,1,,run_00211.json,2,5906,1.0664058909997038,2.4982900110007904,1,[]
558534,112872,934006,,0,0.0,0,True,478,478,558534,,True,mixture,1.0,1.0,1.0,True,True,True,sparse,0.6967331859996193,True,0.002221955000095477,True,6090,False,0,0,1.0,1.0,30.180279088000134,True,brute_force,360443904,0,,run_00212.json,1,6090,29.790784574999634,60.67001880399948,1,[]
592,29557,9561,,0,0.0,0,True,17,17,592,,True,curve,1.0,1.0,1.0,True,True,True,inverted,0.018616745000144874,True,0.009244013999705203,True,605,False,0,0,1.0,1.0,0.09493628900054318,True,flat_scalar,187047936,0,,run_00213.json,0,605,0.1192324510002436,0.24202949900063686,1,[]
536044,113678,931676,,0,0.08816880484422052,0,False,438,448,454709,,False,mixture,0.9989582615080422,1.0,0.9989582615080422,False,False,True,sparse,0.6848902199999429,True,0.9508811929999865,False,5906,False,456,0,1.0,0.9960046962342509,4.511000047999914,False,hnsw,370814976,1,,run_00214.json,2,5955,11.835365042000376,17.98213650300022,1,[]
517872,105244,835017,105169,0,0.12529019142190614,0,False,532,538,463519,19834732,True,mixture,0.9991048277565131,1.0,0.9991048277565131,False,False,True,sparse,0.6596982749997551,True,0.9591849349999393,True,6264,False,253,0,1.0,0.9976018275401196,0.0,False,verified_hnsw_partial,364568576,2,75,run_00215.json,0,6264,21.276830947000235,22.89571415699993,1,[]
518336,105497,836791,,0,0.0,0,True,532,532,518336,,True,mixture,1.0,1.0,1.0,True,True,True,inverted,0.7877250510000522,True,0.002550002999669232,True,6264,False,0,0,1.0,1.0,29.127687223000066,True,brute_force,374878208,2,,run_00216.json,0,6264,30.38075047499933,60.29871275199912,1,[]
874254,114922,1219045,,0,0.0,0,True,749,749,874254,,True,gaussian,1.0,1.0,1.0,True,True,True,inverted,1.3835444149999603,True,0.0019139519999953336,True,6747,False,0,0,1.0,1.0,32.370993952999925,True,brute_force,516603904,2,,run_00217.json,0,6747,38.54798087299969,72.30443319299957,1,[]
592,29557,9561,,0,0.0,0,True,17,17,592,,True,curve,1.0,1.0,1.0,True,True,True,inverted,0.01851776900002733,True,0.008823111000310746,True,605,False,0,0,1.0,1.0,0.04360675899988564,True,ckdtree,187047936,2,,run_00218.json,0,605,0.08563755100021808,0.1565851900004418,1,[]
605,29790,9798,,0,0.0,0,True,14,14,605,,True,curve,1.0,1.0,1.0,True,True,True,sparse,0.018197128999418055,True,0.03891838900017319,True,614,False,0,0,1.0,1.0,0.036760226000296825,True,ivf,187047936,2,,run_00219.json,1,614,0.08181151200005843,0.1756872559999465,1,[]
605,29790,9798,,0,0.0,0,True,14,14,605,,True,curve,1.0,1.0,1.0,True,True,True,sparse,0.018925016000139294,True,0.6432068949998211,True,614,False,0,0,1.0,1.0,0.15619541900014156,True,hnsw,187047936,2,,run_00220.json,1,614,0.1865799800007153,1.0049073100008172,1,[]
954921,128268,1419251,,0,0.0,0,True,526,526,954921,,True,gaussian,1.0,1.0,1.0,True,True,True,inverted,1.5973620939994362,True,0.010361992999605718,True,6055,False,0,0,1.0,1.0,9.284178451000116,True,ckdtree_inflated,546086912,2,,run_00221.json,1,6055,9.802408122999623,20.69431066099878,1,[]
840059,114518,1150593,0,0,0.0,137360000,True,795,795,840059,68123509,True,gaussian,1.0,1.0,1.0,True,True,True,inverted,1.2736702849997528,True,3.422000190766994e-06,True,6868,True,0,0,1.0,1.0,9.556024972999694,True,verified_none_complete,496922624,1,13132,run_00222.json,2,6868,40.42764006099969,51.25733874099933,1,[]
558534,112872,934006,112504,0,0.0,121800000,True,478,478,558534,18756376,True,mixture,1.0,1.0,1.0,True,True,True,sparse,0.7368752270003824,True,0.9675868800004537,True,6090,True,0,0,1.0,1.0,8.113739033000456,True,verified_hnsw_complete,378986496,1,75,run_00223.json,1,6090,21.793741853999563,31.611942994000856,1,[]
0,20000,0,0,0,0.8394506507449679,0,False,478,6090,0,63642275,True,mixture,0.0,1.0,0.0,False,False,True,sparse,0.06069430800016562,True,2.9329994504223578e-06,True,6090,False,92872,0,1.0,0.177191863349635,0.0,False,verified_none_partial,187047936,1,13910,run_00224.json,1,6090,39.080805988000066,39.14150322899968,1,[]
518336,105497,836791,105169,0,0.0,125280000,True,532,532,518336,19834732,True,mixture,1.0,1.0,1.0,True,True,True,sparse,0.7471162270003333,True,0.9848937120004848,True,6264,True,0,0,1.0,1.0,8.590635202999692,True,verified_hnsw_complete,365260800,2,75,run_00225.json,0,6264,24.254302344999815,34.576947487000325,1,[]
605,29790,9798,,0,0.0,0,True,14,14,605,,True,curve,1.0,1.0,1.0,True,True,True,inverted,0.01973741600068024,True,0.0020304319996284903,True,614,False,0,0,1.0,1.0,3.2143755380002403,True,brute_force,187047936,1,,run_00226.json,1,614,3.667194390000077,6.903337776000626,1,[]
954921,128268,1419251,,0,0.0,0,True,526,526,954921,,True,gaussian,1.0,1.0,1.0,True,True,True,inverted,1.6093991099996856,True,0.010217181999905733,True,6055,False,0,0,1.0,1.0,10.016376786000365,True,ckdtree_inflated,546054144,1,,run_00227.json,1,6055,10.258068081000602,21.894061159000557,1,[]
592,29557,9561,0,0,0.0,12100000,True,17,17,592,11253106,True,curve,1.0,1.0,1.0,True,True,True,sparse,0.016786971000328776,True,2.8630001907004043e-06,True,605,True,0,0,1.0,1.0,0.6808635030001824,True,verified_none_complete,187047936,1,19395,run_00228.json,0,605,1.4479601169996386,2.1456134540003404,1,[]
605,29790,9798,,0,0.0,0,True,14,14,605,,True,curve,1.0,1.0,1.0,True,True,True,sparse,0.01638475300023856,True,0.04138941899964266,True,614,False,0,0,1.0,1.0,0.06325617400034389,True,ball_tree,187047936,1,,run_00229.json,1,614,0.13823902000058297,0.2592693660008081,1,[]
558534,112872,934006,,0,0.0,0,True,478,478,558534,,True,mixture,1.0,1.0,1.0,True,True,True,sparse,0.700452695000422,True,0.011119469999357534,True,6090,False,0,0,1.0,1.0,0.7710885300002701,True,flat_batch,372555776,2,,run_00230.json,1,6090,1.1911950550002075,2.673855750000257,1,[]
601,29796,9799,29795,0,0.00013057032175506356,0,True,9,9,601,184511,True,curve,1.0,1.0,1.0,False,False,True,sparse,0.017081984000469674,True,0.44735736599977827,True,607,False,1,0,1.0,0.9999664395744539,0.0,False,verified_hnsw_partial,193839104,0,1,run_00231.json,2,607,0.22706240299976344,0.6915017530000114,1,[]
0,20000,0,0,0,2.4398670569062233,0,False,526,6055,0,63227724,True,gaussian,0.0,1.0,0.0,False,False,True,inverted,0.016762884999479866,True,2.8630001907004043e-06,True,6055,False,108268,0,1.0,0.15592353509838774,0.0,False,verified_none_partial,187047936,0,13945,run_00232.json,1,6055,38.457737405000444,38.474503153000114,1,[]
601,29797,9800,,0,0.0,0,True,9,9,601,,True,curve,1.0,1.0,1.0,True,True,True,sparse,0.01716643199961254,True,0.008557548999306164,True,607,False,0,0,1.0,1.0,0.040185797000049206,True,ckdtree,187047936,2,,run_00233.json,2,607,0.07810390800023015,0.14401368599919806,1,[]
605,29790,9798,,0,0.0,0,True,14,14,605,,True,curve,1.0,1.0,1.0,True,True,True,inverted,0.025191509000251244,True,0.010554878999755601,True,614,False,0,0,1.0,1.0,0.1045744269995339,True,flat_batch,187047936,0,,run_00234.json,1,614,0.12957966800058784,0.2699004830001286,1,[]
601,29797,9800,,0,0.0,0,True,9,9,601,,True,curve,1.0,1.0,1.0,True,True,True,inverted,0.021254190000036033,True,0.011109072000181186,True,607,False,0,0,1.0,1.0,0.0450315470006899,True,ckdtree,187047936,1,,run_00235.json,2,607,0.0884435369998755,0.16583834600078262,1,[]
940581,125026,1380787,124630,0,0.7075763940811157,0,False,526,658,259614,19521930,True,gaussian,0.9849830509539532,1.0,0.9849830509539532,False,False,True,sparse,1.130558433999795,True,1.279588313000204,True,6055,False,3242,0,1.0,0.9747247949605513,0.0,False,verified_hnsw_partial,506380288,1,396,run_00236.json,1,6055,31.426604246000352,33.83675099300035,1,[]
601,29796,9799,29795,0,0.00013057032175506356,0,True,9,9,601,184511,True,curve,1.0,1.0,1.0,False,False,True,inverted,0.0199711400000524,True,0.4520101890002479,True,607,False,1,0,1.0,0.9999664395744539,0.0,False,verified_hnsw_partial,194396160,2,1,run_00237.json,2,607,0.27607168600025034,0.7480530150005507,1,[]
954921,128268,1419251,,0,0.0,0,True,526,526,954921,,True,gaussian,1.0,1.0,1.0,True,True,True,sparse,1.2130046900001616,True,0.011274671999672137,True,6055,False,0,0,1.0,1.0,0.8577459320003982,True,flat_batch,504610816,0,,run_00238.json,1,6055,1.1282409019995612,3.210266195999793,1,[]
536603,114134,934543,,0,0.0,0,True,438,438,536603,,True,mixture,1.0,1.0,1.0,True,True,True,inverted,0.8649546939996071,True,0.011174031999871659,True,5906,False,0,0,1.0,1.0,2.4809272740003507,True,ckdtree_inflated,382296064,2,,run_00239.json,2,5906,3.034236721000525,6.3912927210003545,1,[]
954921,128268,1419251,,0,0.0,0,True,526,526,954921,,True,gaussian,1.0,1.0,1.0,True,True,True,inverted,1.7072886539999672,True,0.010076333000142768,True,6055,False,0,0,1.0,1.0,0.9750573419996726,True,flat_scalar,557576192,1,,run_00240.json,1,6055,1.134277418000238,3.8266997470000206,1,[]
558534,112872,934006,112504,0,0.0,121800000,True,478,478,558534,18756376,True,mixture,1.0,1.0,1.0,True,True,True,sparse,0.7444146279995039,True,1.0327862559997811,True,6090,True,0,0,1.0,1.0,7.598241020999922,True,verified_hnsw_complete,378810368,0,75,run_00241.json,1,6090,22.926528641000004,32.30197054599921,1,[]
536603,114134,934543,,0,0.0,0,True,438,438,536603,,True,mixture,1.0,1.0,1.0,True,True,True,sparse,0.6853732760000639,True,0.009345374000076845,True,5906,False,0,0,1.0,1.0,0.8781768779999766,True,flat_scalar,365182976,2,,run_00242.json,2,5906,1.082885269000144,2.6557807970002614,1,[]
601,29797,9800,,0,0.0,0,True,9,9,601,,True,curve,1.0,1.0,1.0,True,True,True,sparse,0.018291327000042656,True,0.01637703699998383,True,607,False,0,0,1.0,1.0,0.06084824000026856,True,ckdtree_inflated,187047936,1,,run_00243.json,2,607,0.1032011440001952,0.19871774800049025,1,[]
536603,114134,934543,0,0,0.0,118120000,True,438,438,536603,62286115,True,mixture,1.0,1.0,1.0,True,True,True,inverted,0.9370708959995682,True,5.1679999160114676e-06,True,5906,True,0,0,1.0,1.0,8.059841845999472,True,verified_none_complete,373084160,1,14094,run_00244.json,2,5906,39.97930972799986,48.97622763799882,1,[]
558534,112872,934006,,0,0.0,0,True,478,478,558534,,True,mixture,1.0,1.0,1.0,True,True,True,sparse,0.8258196340002542,True,0.010796829999890178,True,6090,False,0,0,1.0,1.0,0.8119841970001289,True,flat_batch,372760576,0,,run_00245.json,1,6090,1.1486676810000063,2.7972683420002795,1,[]
874254,114922,1219045,,0,0.0,0,True,749,749,874254,,True,gaussian,1.0,1.0,1.0,True,True,True,inverted,1.4989103510006316,True,0.012680253000326047,True,6747,False,0,0,1.0,1.0,10.821594693999941,True,ckdtree_inflated,516382720,1,,run_00246.json,0,6747,12.057466723999823,24.390652022000722,1,[]
954921,128268,1419251,124630,0,0.0,121100000,True,526,526,954921,19521930,True,gaussian,1.0,1.0,1.0,True,True,True,inverted,1.6597747690002507,True,1.212882300000274,True,6055,True,0,0,1.0,1.0,8.670058742999572,True,verified_hnsw_complete,565825536,0,396,run_00247.json,1,6055,33.58371185500073,45.126427667000826,1,[]
518336,105497,836791,,0,0.0,0,True,532,532,518336,,True,mixture,1.0,1.0,1.0,True,True,True,sparse,0.8452561019994391,True,0.010949930999231583,True,6264,False,0,0,1.0,1.0,1.2896620329993311,True,ckdtree,344870912,0,,run_00248.json,0,6264,1.8117791389995546,3.9576472049975564,1,[]
518336,105497,836791,,0,0.0,0,True,532,532,518336,,True,mixture,1.0,1.0,1.0,True,True,True,sparse,0.7695150819999981,True,0.011531504999766184,True,6264,False,0,0,1.0,1.0,3.1143338179999773,True,ckdtree_inflated,346148864,1,,run_00249.json,0,6264,3.651039619000585,7.5464200240003265,1,[]
605,29790,9798,,0,0.0,0,True,14,14,605,,True,curve,1.0,1.0,1.0,True,True,True,sparse,0.016946687999734422,True,0.011655893999886757,True,614,False,0,0,1.0,1.0,0.0548456280002938,True,ckdtree_inflated,187047936,1,,run_00250.json,1,614,0.09375901899966266,0.17720722899957764,1,[]
874254,114922,1219045,,0,0.0,0,True,749,749,874254,,True,gaussian,1.0,1.0,1.0,True,True,True,inverted,1.4842711589999453,True,0.044682810999802314,True,6747,False,0,0,1.0,1.0,4.601712813000631,True,ball_tree,515784704,2,,run_00251.json,0,6747,5.94021692699971,12.07088371000009,1,[]
601,29797,9800,,0,0.0,0,True,9,9,601,,True,curve,1.0,1.0,1.0,True,True,True,sparse,0.024621673000183364,True,0.015549364999969839,True,607,False,0,0,1.0,1.0,0.08895587300048646,True,flat_batch,187047936,0,,run_00252.json,2,607,0.1277904890002901,0.2569174000009298,1,[]
0,20000,0,0,0,0.06139488639058288,0,False,14,614,0,11529689,True,curve,0.0,1.0,0.0,False,False,True,inverted,0.01500599599967245,True,3.770999683183618e-06,True,614,False,9790,0,1.0,0.671366230278617,0.0,False,verified_none_partial,187047936,1,19386,run_00253.json,1,614,1.5217942259996562,1.5368039929990118,1,[]
0,20000,0,0,0,2.4398670569062233,0,False,526,6055,0,63227724,True,gaussian,0.0,1.0,0.0,False,False,True,inverted,0.022211926000636595,True,4.749000254378188e-06,True,6055,False,108268,0,1.0,0.15592353509838774,0.0,False,verified_none_partial,187047936,1,13945,run_00254.json,1,6055,40.824542450999616,40.84675912600051,1,[]
517862,105169,834982,,0,0.12529019142190614,0,False,532,540,450430,,False,mixture,0.9990855352512655,1.0,0.9990855352512655,False,False,True,inverted,1.026294407000023,True,1.0587299190001431,False,6264,False,328,0,1.0,0.9968909068504318,5.489403388000028,False,hnsw,392560640,1,,run_00255.json,0,6321,14.267882904000544,21.842310618000738,1,[]
601,29797,9800,29795,0,0.0,12140000,True,9,9,601,184511,True,curve,1.0,1.0,1.0,True,True,True,inverted,0.03495805900001869,True,0.534394916000565,True,607,True,0,0,1.0,1.0,0.8506900830006998,True,verified_hnsw_complete,200912896,1,1,run_00256.json,2,607,0.2518648420000318,1.6719079000013153,1,[]
518336,105497,836791,,0,0.0,0,True,532,532,518336,,True,mixture,1.0,1.0,1.0,True,True,True,sparse,0.750728801999685,True,0.044643440999607265,True,6264,False,0,0,1.0,1.0,1.0813321109999379,True,ball_tree,346345472,1,,run_00257.json,0,6264,1.9285120859995004,3.8052164399987305,1,[]
558534,112872,934006,,0,0.0,0,True,478,478,558534,,True,mixture,1.0,1.0,1.0,True,True,True,inverted,0.9716816420004761,True,0.011753886999940732,True,6090,False,0,0,1.0,1.0,1.1489812170002551,True,ckdtree,388444160,0,,run_00258.json,1,6090,1.7448856320006598,3.877302378001332,1,[]
601,29797,9800,,0,0.0,0,True,9,9,601,,True,curve,1.0,1.0,1.0,True,True,True,sparse,0.020045438000124705,True,0.04567479799970897,True,607,False,0,0,1.0,1.0,0.0851852890000373,True,ball_tree,187047936,2,,run_00259.json,2,607,0.16973369199968147,0.32063921699955245,1,[]
518336,105497,836791,,0,0.0,0,True,532,532,518336,,True,mixture,1.0,1.0,1.0,True,True,True,sparse,0.7207107329995779,True,0.012256259999958274,True,6264,False,0,0,1.0,1.0,3.1745563159993253,True,ckdtree_inflated,346402816,0,,run_00260.json,0,6264,3.259931618000337,7.1674549269991985,1,[]
601,29797,9800,,0,0.0,0,True,9,9,601,,True,curve,1.0,1.0,1.0,True,True,True,sparse,0.01860250800018548,True,0.012157086000115669,True,607,False,0,0,1.0,1.0,0.08824590399945009,True,flat_batch,187047936,2,,run_00261.json,2,607,0.1438688349999211,0.26287433299967233,1,[]
840059,114518,1150593,,0,0.0,0,True,795,795,840059,,True,gaussian,1.0,1.0,1.0,True,True,True,inverted,1.6376120570002968,True,0.0038782470001024194,True,6868,False,0,0,1.0,1.0,48.08078950700019,True,brute_force,503902208,0,,run_00262.json,2,6868,48.64555619000021,98.3678360010008,1,[]
601,29795,9799,,0,0.00037007307853165194,0,True,9,9,601,,False,curve,1.0,1.0,1.0,False,False,True,sparse,0.01808260999951017,True,0.6081105020002724,False,607,False,2,0,1.0,0.9999328791489076,0.14874572299959254,False,hnsw,187047936,1,,run_00263.json,2,608,0.1776017160000265,0.9525405509994016,1,[]
940504,124630,1380528,,0,0.7075763940811157,0,False,526,701,233012,,False,gaussian,0.9849024160113768,1.0,0.9849024160113768,False,False,True,sparse,1.191393524999512,True,1.3912967570004184,False,6055,False,3638,0,1.0,0.9716375089656033,18.782919317999585,False,hnsw,503898112,1,,run_00264.json,1,6301,23.947673398000006,45.31328299799952,1,[]
605,29790,9798,,0,0.0,0,True,14,14,605,,True,curve,1.0,1.0,1.0,True,True,True,inverted,0.01821321699935652,True,0.013959989000795758,True,614,False,0,0,1.0,1.0,0.05503076599961787,True,ckdtree_inflated,187047936,1,,run_00265.json,1,614,0.09987237399946025,0.1870763459992304,1,[]
518336,105497,836791,,0,0.0,0,True,532,532,518336,,True,mixture,1.0,1.0,1.0,True,True,True,inverted,0.8962496199992529,True,0.010570074000497698,True,6264,False,0,0,1.0,1.0,0.8296179829994799,True,flat_batch,386342912,1,,run_00266.json,0,6264,1.2045607919999384,2.940998468999169,1,[]
0,20000,0,0,0,0.07974993310323575,0,False,17,605,0,11253106,True,curve,0.0,1.0,0.0,False,False,True,inverted,0.014733208000507148,True,4.749000254378188e-06,True,605,False,9557,0,1.0,0.6766586595391955,0.0,False,verified_none_partial,187047936,0,19395,run_00267.json,0,605,1.4907651749999786,1.5055031320007402,1,[]
605,29790,9798,,0,0.0,0,True,14,14,605,,True,curve,1.0,1.0,1.0,True,True,True,sparse,0.017369528000017453,True,0.009760259000358928,True,614,False,0,0,1.0,1.0,0.08195780300047772,True,flat_batch,187047936,2,,run_00268.json,1,614,0.1276366069996584,0.2367241970005125,1,[]
536059,113769,931726,113678,0,0.08816880484422052,0,False,438,446,468537,17724107,True,mixture,0.998986215134839,1.0,0.998986215134839,False,False,True,sparse,0.6828365880001002,True,0.9691517559995191,True,5906,False,365,0,1.0,0.9968020046611877,0.0,False,verified_hnsw_partial,369532928,1,91,run_00269.json,2,5906,21.017833439000242,22.66982178299986,1,[]
874254,114922,1219045,,0,0.0,0,True,749,749,874254,,True,gaussian,1.0,1.0,1.0,True,True,True,sparse,1.1017265970003791,True,0.009361043999888352,True,6747,False,0,0,1.0,1.0,0.870549504000337,True,flat_batch,475938816,0,,run_00270.json,0,6747,1.2606363659997442,3.2422735110003487,1,[]
605,29790,9798,0,0,0.0,12280000,True,14,14,605,11529689,True,curve,1.0,1.0,1.0,True,True,True,sparse,0.01678984199952538,True,3.911000021616928e-06,True,614,True,0,0,1.0,1.0,0.7282354409999243,True,verified_none_complete,187047936,0,19386,run_00271.json,1,614,1.5372649859991725,2.282294179998644,1,[]
592,29557,9561,,0,0.0,0,True,17,17,592,,True,curve,1.0,1.0,1.0,True,True,True,sparse,0.017289841000092565,True,0.0098458849997769,True,605,False,0,0,1.0,1.0,0.05217731399989134,True,ckdtree_inflated,187047936,2,,run_00272.json,0,605,0.0887261159996342,0.168039155999395,1,[]
954921,128268,1419251,0,0,0.0,121100000,True,526,526,954921,63227724,True,gaussian,1.0,1.0,1.0,True,True,True,sparse,1.1371726420002233,True,3.2830002965056337e-06,True,6055,True,0,0,1.0,1.0,7.589716797999245,True,verified_none_complete,482484224,0,13945,run_00273.json,1,6055,35.40408946699972,44.130982189999486,1,[]
874254,114922,1219045,,0,0.0,0,True,749,749,874254,,True,gaussian,1.0,1.0,1.0,True,True,True,inverted,1.2957226100006665,True,0.0020115849993089796,True,6747,False,0,0,1.0,1.0,31.101668420999886,True,brute_force,514654208,1,,run_00274.json,0,6747,35.50937042100031,67.90877303700017,1,[]
874254,114922,1219045,,0,0.0,0,True,749,749,874254,,True,gaussian,1.0,1.0,1.0,True,True,True,sparse,1.1168935139994574,True,0.010026848000052269,True,6747,False,0,0,1.0,1.0,0.8706819239996548,True,flat_batch,475496448,1,,run_00275.json,0,6747,1.2857061989998328,3.2833084849989973,1,[]
840059,114518,1150593,,0,0.0,0,True,795,795,840059,,True,gaussian,1.0,1.0,1.0,True,True,True,sparse,1.1133945349993155,True,0.010996603000421601,True,6868,False,0,0,1.0,1.0,1.1756473870000264,True,flat_scalar,464351232,1,,run_00276.json,2,6868,1.3315669199992044,3.631605444998968,1,[]
954921,128268,1419251,,0,0.0,0,True,526,526,954921,,True,gaussian,1.0,1.0,1.0,True,True,True,sparse,1.2421280110002044,True,0.009480824999627657,True,6055,False,0,0,1.0,1.0,0.808485335000114,True,flat_batch,503279616,2,,run_00277.json,1,6055,1.1601682199998322,3.2202623909997783,1,[]
518336,105497,836791,,0,0.0,0,True,532,532,518336,,True,mixture,1.0,1.0,1.0,True,True,True,sparse,0.7537705360000473,True,0.010857756999939738,True,6264,False,0,0,1.0,1.0,2.819542002000162,True,ckdtree_inflated,344809472,2,,run_00278.json,0,6264,3.379417722000653,6.963588017000802,1,[]
601,29797,9800,,0,0.0,0,True,9,9,601,,True,curve,1.0,1.0,1.0,True,True,True,sparse,0.016906203999496938,True,0.010287150000294787,True,607,False,0,0,1.0,1.0,0.09415844300019671,True,flat_scalar,187047936,0,,run_00279.json,2,607,0.12215455900059169,0.24350635600058013,1,[]
940504,124630,1380528,,0,0.7075763940811157,0,False,526,701,233012,,False,gaussian,0.9849024160113768,1.0,0.9849024160113768,False,False,True,inverted,1.4489488420003909,True,1.2337458520005384,False,6055,False,3638,0,1.0,0.9716375089656033,20.44489170900033,False,hnsw,556101632,0,,run_00280.json,1,6301,21.544619713999964,44.672206117001224,1,[]
518336,105497,836791,,0,0.0,0,True,532,532,518336,,True,mixture,1.0,1.0,1.0,True,True,True,inverted,0.8173081610002555,True,0.00268493200019293,True,6264,False,0,0,1.0,1.0,29.555918981000104,True,brute_force,373493760,0,,run_00281.json,0,6264,33.94712018300015,64.3230322570007,1,[]
954921,128268,1419251,124630,0,0.0,121100000,True,526,526,954921,19521930,True,gaussian,1.0,1.0,1.0,True,True,True,inverted,1.4337576810003156,True,1.3081746010002462,True,6055,True,0,0,1.0,1.0,7.79097258999991,True,verified_hnsw_complete,565399552,2,396,run_00282.json,1,6055,30.747788423000202,41.280693295000674,1,[]
601,29797,9800,,0,0.0,0,True,9,9,601,,True,curve,1.0,1.0,1.0,True,True,True,inverted,0.018340898000133166,True,0.009707881999929668,True,607,False,0,0,1.0,1.0,0.09434765999958472,True,flat_scalar,187047936,0,,run_00283.json,2,607,0.1235264120005013,0.24592285200014885,1,[]
518336,105497,836791,,0,0.0,0,True,532,532,518336,,True,mixture,1.0,1.0,1.0,True,True,True,sparse,0.6802781420001338,True,0.010038583999630646,True,6264,False,0,0,1.0,1.0,0.9586102849998497,True,flat_scalar,357003264,2,,run_00284.json,0,6264,1.1641368689997762,2.8130638799993903,1,[]
830542,112442,1128697,112112,0,0.8076214790344238,0,False,795,867,319560,24668095,True,gaussian,0.9886710338202436,1.0,0.9886710338202436,False,False,True,sparse,1.1034926330003145,True,1.2124460240002009,True,6868,False,2076,0,1.0,0.9818718454740739,0.0,False,verified_hnsw_partial,467677184,2,330,run_00285.json,2,6868,36.50005538000005,38.815994037000564,1,[]
605,29790,9798,29790,0,0.0,0,True,14,14,605,188191,True,curve,1.0,1.0,1.0,True,True,True,inverted,0.018308772000636964,True,0.4411920579996149,True,614,False,0,0,1.0,1.0,0.0,True,verified_hnsw_partial,192466944,2,0,run_00286.json,1,614,0.23857884900007775,0.6980796790003296,1,[]
518336,105497,836791,,0,0.0,0,True,532,532,518336,,True,mixture,1.0,1.0,1.0,True,True,True,inverted,0.8130595470001936,True,0.04346491299929767,True,6264,False,0,0,1.0,1.0,1.029770761000691,True,ball_tree,373936128,2,,run_00287.json,0,6264,1.8425096609998945,3.7288048820000768,1,[]
840059,114518,1150593,,0,0.0,0,True,795,795,840059,,True,gaussian,1.0,1.0,1.0,True,True,True,inverted,1.2355577049993371,True,0.0026755029994092183,True,6868,False,0,0,1.0,1.0,34.294740223999725,True,brute_force,503717888,2,,run_00288.json,2,6868,35.131136177999906,70.66410960999838,1,[]
840059,114518,1150593,112112,0,0.0,137360000,True,795,795,840059,24668095,True,gaussian,1.0,1.0,1.0,True,True,True,inverted,1.2350860200003808,True,1.2273632359992916,True,6868,True,0,0,1.0,1.0,8.978838227001688,True,verified_hnsw_complete,524644352,0,330,run_00289.json,2,6868,34.5274603809994,45.96874786400076,1,[]
601,29797,9800,,0,0.0,0,True,9,9,601,,True,curve,1.0,1.0,1.0,True,True,True,inverted,0.020968176000678795,True,0.003310684000098263,True,607,False,0,0,1.0,1.0,2.9634055639999133,True,brute_force,187047936,1,,run_00290.json,2,607,2.956148100000064,5.943832524000754,1,[]
592,29557,9561,,0,0.0,0,True,17,17,592,,True,curve,1.0,1.0,1.0,True,True,True,inverted,0.018046934999802033,True,0.009707855999295134,True,605,False,0,0,1.0,1.0,0.051730531000430346,True,ckdtree_inflated,187047936,2,,run_00291.json,0,605,0.09178846299982979,0.1712737849993573,1,[]
0,20000,0,0,0,2.8728722544277416,0,False,795,6868,0,68123509,True,gaussian,0.0,1.0,0.0,False,False,True,sparse,0.06688278900037403,True,2.8640006348723546e-06,True,6868,False,94518,0,1.0,0.1746450339684591,0.0,False,verified_none_partial,187047936,2,13132,run_00292.json,2,6868,35.54911626300054,35.61600191600155,1,[]
864139,112095,1192190,,0,0.7710670828819275,0,False,749,868,301708,,False,gaussian,0.9884301358644055,1.0,0.9884301358644055,False,False,True,sparse,1.0700088480007253,True,1.3009481789995334,False,6747,False,2827,0,1.0,0.9754007065661927,20.206003620000047,False,hnsw,478199808,0,,run_00293.json,0,6990,23.236574188000304,45.81353483500061,1,[]
536059,113769,931726,113678,0,0.08816880484422052,0,False,438,446,468537,17724107,True,mixture,0.998986215134839,1.0,0.998986215134839,False,False,True,sparse,0.7159471260001737,True,0.9755837329994392,True,5906,False,365,0,1.0,0.9968020046611877,0.0,False,verified_hnsw_partial,369594368,2,91,run_00294.json,2,5906,20.97769797499859,22.669228833998204,1,[]
874254,114922,1219045,,0,0.0,0,True,749,749,874254,,True,gaussian,1.0,1.0,1.0,True,True,True,sparse,1.0833283359988854,True,0.010577371000181301,True,6747,False,0,0,1.0,1.0,1.0128142239991575,True,flat_scalar,475738112,0,,run_00295.json,0,6747,1.2524093709998851,3.3591293019981094,1,[]
601,29797,9800,,0,0.0,0,True,9,9,601,,True,curve,1.0,1.0,1.0,True,True,True,sparse,0.017731963000187534,True,0.009521488000245881,True,607,False,0,0,1.0,1.0,0.08242092600085016,True,flat_batch,187047936,1,,run_00296.json,2,607,0.12331964900113235,0.23299402600241592,1,[]
954921,128268,1419251,,0,0.0,0,True,526,526,954921,,True,gaussian,1.0,1.0,1.0,True,True,True,sparse,1.1730862940003135,True,0.040777333999358234,True,6055,False,0,0,1.0,1.0,3.800375245999021,True,ball_tree,490754048,0,,run_00297.json,1,6055,4.650507714999549,9.664746588998241,1,[]
558534,112872,934006,,0,0.0,0,True,478,478,558534,,True,mixture,1.0,1.0,1.0,True,True,True,inverted,0.9032683859986719,True,0.010342412999307271,True,6090,False,0,0,1.0,1.0,0.9244623729991872,True,flat_scalar,400220160,0,,run_00298.json,1,6090,1.1355852090000553,2.9736583809972217,1,[]
0,20000,0,0,0,0.8394506507449679,0,False,478,6090,0,63642275,True,mixture,0.0,1.0,0.0,False,False,True,inverted,0.01780458000030194,True,3.3530013752169907e-06,True,6090,False,92872,0,1.0,0.177191863349635,0.0,False,verified_none_partial,187047936,0,13910,run_00299.json,1,6090,36.05196034000073,36.06976827300241,1,[]
954921,128268,1419251,,0,0.0,0,True,526,526,954921,,True,gaussian,1.0,1.0,1.0,True,True,True,inverted,1.5038778939997428,True,0.010009955998611986,True,6055,False,0,0,1.0,1.0,0.7915981710011692,True,flat_batch,556687360,2,,run_00300.json,1,6055,1.1427996040001744,3.4482856249996985,1,[]
954921,128268,1419251,,0,0.0,0,True,526,526,954921,,True,gaussian,1.0,1.0,1.0,True,True,True,inverted,1.4925589570011653,True,0.010132596000403282,True,6055,False,0,0,1.0,1.0,9.284551822998765,True,ckdtree_inflated,544493568,0,,run_00301.json,1,6055,9.629869238000538,20.41711261400087,1,[]
536044,113678,931676,,0,0.08816880484422052,0,False,438,448,454709,,False,mixture,0.9989582615080422,1.0,0.9989582615080422,False,False,True,sparse,0.7156791710003745,True,0.9873527769996144,False,5906,False,456,0,1.0,0.9960046962342509,4.69390155399924,False,hnsw,368562176,2,,run_00302.json,2,5955,12.25350681099917,18.6504403129984,1,[]
518336,105497,836791,105169,0,0.0,125280000,True,532,532,518336,19834732,True,mixture,1.0,1.0,1.0,True,True,True,inverted,0.8146368599991547,True,0.9936545609998575,True,6264,True,0,0,1.0,1.0,8.316409658000339,True,verified_hnsw_complete,394039296,1,75,run_00303.json,0,6264,22.128230602000258,32.25293168099961,1,[]
605,29790,9798,,0,0.0,0,True,14,14,605,,True,curve,1.0,1.0,1.0,True,True,True,sparse,0.0161016580004798,True,0.00856406499951845,True,614,False,0,0,1.0,1.0,0.039735880000080215,True,ckdtree,187047936,0,,run_00304.json,1,614,0.0762646710008994,0.14066627400097786,1,[]
954921,128268,1419251,,0,0.0,0,True,526,526,954921,,True,gaussian,1.0,1.0,1.0,True,True,True,inverted,1.4283027010005753,True,0.040092982999340165,True,6055,False,0,0,1.0,1.0,3.741430150999804,True,ball_tree,544509952,2,,run_00305.json,1,6055,4.536810737999986,9.746636572999705,1,[]
874254,114922,1219045,,0,0.0,0,True,749,749,874254,,True,gaussian,1.0,1.0,1.0,True,True,True,inverted,1.2853869640002813,True,0.008548698000595323,True,6747,False,0,0,1.0,1.0,4.569764180998391,True,ckdtree,515301376,1,,run_00306.json,0,6747,4.98754814700078,10.851247990000047,1,[]
592,29557,9561,,0,0.0,0,True,17,17,592,,True,curve,1.0,1.0,1.0,True,True,True,inverted,0.01938563399926352,True,0.00921548000042094,True,605,False,0,0,1.0,1.0,0.09445351800059143,True,flat_scalar,187047936,1,,run_00307.json,0,605,0.12593827999990026,0.24899291200017615,1,[]
592,29557,9561,,0,0.0,0,True,17,17,592,,True,curve,1.0,1.0,1.0,True,True,True,inverted,0.018582934999358258,True,0.002472068001225125,True,605,False,0,0,1.0,1.0,3.3682530270016287,True,brute_force,187047936,0,,run_00308.json,0,605,3.4915841820002242,6.880892212002436,1,[]
954921,128268,1419251,,0,0.0,0,True,526,526,954921,,True,gaussian,1.0,1.0,1.0,True,True,True,inverted,1.4374995599991962,True,0.041325117999804206,True,6055,False,0,0,1.0,1.0,3.8281819080002606,True,ball_tree,544108544,0,,run_00309.json,1,6055,4.644623177999165,9.951629763998426,1,[]
518336,105497,836791,,0,0.0,0,True,532,532,518336,,True,mixture,1.0,1.0,1.0,True,True,True,inverted,0.8255733890000556,True,0.04116684600012377,True,6264,False,0,0,1.0,1.0,1.0332713610005158,True,ball_tree,374095872,1,,run_00310.json,0,6264,1.7725145000003977,3.672526096001093,1,[]
954921,128268,1419251,,0,0.0,0,True,526,526,954921,,True,gaussian,1.0,1.0,1.0,True,True,True,sparse,1.1558589340002072,True,0.010051627999928314,True,6055,False,0,0,1.0,1.0,0.923710619999838,True,flat_scalar,502693888,1,,run_00311.json,1,6055,1.126080447998902,3.2157016299988754,1,[]
830440,112112,1128489,,0,0.8076214790344238,0,False,795,904,289289,,False,gaussian,0.9885496137771276,1.0,0.9885496137771276,False,False,True,sparse,1.0404752220001683,True,1.305263329999434,False,6868,False,2406,0,1.0,0.9789902024135944,21.08689313799914,False,hnsw,466657280,2,,run_00312.json,2,7061,23.75463640000089,47.187268089999634,1,[]
373603,88810,529493,,0,0.6199873238801956,0,False,478,4680,3181,,False,mixture,0.6688992970884494,1.0,0.6688992970884494,False,False,True,sparse,0.5043026959992858,True,0.04071787200155086,False,6090,False,24062,0,1.0,0.7868204692040541,0.23993427000095835,False,ivf,309448704,2,,run_00313.json,1,6332,0.6409167959991464,1.4258716340009414,1,[]
940581,125026,1380787,124630,0,0.7075763940811157,0,False,526,658,259614,19521930,True,gaussian,0.9849830509539532,1.0,0.9849830509539532,False,False,True,inverted,1.5644997269992018,True,1.3074176099999022,True,6055,False,3242,0,1.0,0.9747247949605513,0.0,False,verified_hnsw_partial,559263744,1,396,run_00314.json,1,6055,30.98780928299857,33.85972661999767,1,[]
0,20000,0,0,0,2.4398670569062233,0,False,526,6055,0,63227724,True,gaussian,0.0,1.0,0.0,False,False,True,sparse,0.06010715400043409,True,3.351999112055637e-06,True,6055,False,108268,0,1.0,0.15592353509838774,0.0,False,verified_none_partial,187047936,0,13945,run_00315.json,1,6055,40.09841700400102,40.15852751000057,1,[]
171881,53884,189395,,0,1.8266571499407291,0,False,749,6670,83,,False,gaussian,0.19660304671182516,1.0,0.19660304671182516,False,False,True,inverted,0.27540199699978984,True,0.037737332000688184,False,6747,False,61038,0,1.0,0.46887454099302134,0.24304956699961622,False,ivf,252096512,1,,run_00316.json,0,7863,0.7723604729999352,1.3285493690000294,1,[]
601,29797,9800,,0,0.0,0,True,9,9,601,,True,curve,1.0,1.0,1.0,True,True,True,sparse,0.017430160000003525,True,0.008648695000374573,True,607,False,0,0,1.0,1.0,0.04189810599928023,True,ckdtree,187047936,0,,run_00317.json,2,607,0.0777955829998973,0.14577254399955564,1,[]
373603,88810,529493,,0,0.6199873238801956,0,False,478,4680,3181,,False,mixture,0.6688992970884494,1.0,0.6688992970884494,False,False,True,inverted,0.6150148140004603,True,0.0369964430010441,False,6090,False,24062,0,1.0,0.7868204692040541,0.27360724299978756,False,ivf,337944576,2,,run_00318.json,1,6332,0.6966367720015114,1.6222552720028034,1,[]
518336,105497,836791,,0,0.0,0,True,532,532,518336,,True,mixture,1.0,1.0,1.0,True,True,True,inverted,1.034335355998337,True,0.011854379999931552,True,6264,False,0,0,1.0,1.0,3.118093888000658,True,ckdtree_inflated,373661696,0,,run_00319.json,0,6264,3.5179010550000385,7.682184678998965,1,[]
605,29790,9798,,0,0.0,0,True,14,14,605,,True,curve,1.0,1.0,1.0,True,True,True,sparse,0.018533454000134952,True,0.010108324999237084,True,614,False,0,0,1.0,1.0,0.10094335699977819,True,flat_scalar,187047936,1,,run_00320.json,1,614,0.12934166500053834,0.25892680099968857,1,[]
874254,114922,1219045,112095,0,0.0,134940000,True,749,749,874254,23929736,True,gaussian,1.0,1.0,1.0,True,True,True,sparse,1.0653364909994707,True,1.375882559999809,True,6747,True,0,0,1.0,1.0,8.344546284999524,True,verified_hnsw_complete,482607104,1,364,run_00321.json,0,6747,34.65482806200089,45.44059339799969,1,[]
517862,105169,834982,,0,0.12529019142190614,0,False,532,540,450430,,False,mixture,0.9990855352512655,1.0,0.9990855352512655,False,False,True,sparse,0.6650514510001813,True,0.9725914980008383,False,6264,False,328,0,1.0,0.9968909068504318,4.7719951669987495,False,hnsw,362196992,0,,run_00322.json,0,6321,12.85887250000087,19.26851061600064,1,[]
601,29797,9800,,0,0.0,0,True,9,9,601,,True,curve,1.0,1.0,1.0,True,True,True,sparse,0.017425192998416605,True,0.040979800000059186,True,607,False,0,0,1.0,1.0,0.07747042600021814,True,ball_tree,187047936,0,,run_00323.json,2,607,0.15500894899923878,0.2908843679979327,1,[]
840059,114518,1150593,,0,0.0,0,True,795,795,840059,,True,gaussian,1.0,1.0,1.0,True,True,True,sparse,1.0121583470008773,True,0.010678163000193308,True,6868,False,0,0,1.0,1.0,10.112762044000192,True,ckdtree_inflated,452530176,0,,run_00324.json,2,6868,10.682713139000043,21.818311693001306,1,[]
605,29790,9798,,0,0.0,0,True,14,14,605,,True,curve,1.0,1.0,1.0,True,True,True,inverted,0.01827768299881427,True,0.44842321499891113,True,614,False,0,0,1.0,1.0,0.13572558700070658,True,hnsw,190754816,2,,run_00325.json,1,614,0.1671396649999224,0.7695661499983544,1,[]
558534,112872,934006,,0,0.0,0,True,478,478,558534,,True,mixture,1.0,1.0,1.0,True,True,True,sparse,0.7022752829998353,True,0.008619845000794157,True,6090,False,0,0,1.0,1.0,1.180763570999261,True,ckdtree,358608896,1,,run_00326.json,1,6090,1.4850353070014535,3.376694006001344,1,[]
592,29557,9561,29557,0,0.0,12100000,True,17,17,592,182710,True,curve,1.0,1.0,1.0,True,True,True,sparse,0.01792169700092927,True,0.4449252880003769,True,605,True,0,0,1.0,1.0,0.716377075001219,True,verified_hnsw_complete,195248128,1,0,run_00327.json,0,605,0.23202018799929647,1.4112442480018217,1,[]
518336,105497,836791,0,0,0.0,125280000,True,532,532,518336,64776440,True,mixture,1.0,1.0,1.0,True,True,True,inverted,0.7868177729997115,True,3.840999852400273e-06,True,6264,True,0,0,1.0,1.0,7.704627723998783,True,verified_none_complete,365064192,2,13736,run_00328.json,0,6264,34.53759688399987,43.029046221998215,1,[]
536603,114134,934543,,0,0.0,0,True,438,438,536603,,True,mixture,1.0,1.0,1.0,True,True,True,inverted,0.8670685550005146,True,0.009686402001534589,True,5906,False,0,0,1.0,1.0,0.7528246840010979,True,flat_batch,392601600,1,,run_00329.json,2,5906,1.0972238530011964,2.7268034940043435,1,[]
558534,112872,934006,,0,0.0,0,True,478,478,558534,,True,mixture,1.0,1.0,1.0,True,True,True,sparse,0.7089839269992808,True,0.008737665000808192,True,6090,False,0,0,1.0,1.0,1.10265584499939,True,ckdtree,358658048,0,,run_00330.json,1,6090,1.458148721998441,3.27852615899792,1,[]
592,29557,9561,,0,0.0,0,True,17,17,592,,True,curve,1.0,1.0,1.0,True,True,True,inverted,0.01863778300139529,True,0.009695200998976361,True,605,False,0,0,1.0,1.0,0.05250184200122021,True,ckdtree_inflated,187047936,1,,run_00331.json,0,605,0.0891213120012253,0.16995613800281717,1,[]
874254,114922,1219045,,0,0.0,0,True,749,749,874254,,True,gaussian,1.0,1.0,1.0,True,True,True,sparse,1.0568113520002953,True,0.04126026700032526,True,6747,False,0,0,1.0,1.0,4.183961985001588,True,ball_tree,463609856,1,,run_00332.json,0,6747,5.047007332999783,10.329040937001992,1,[]
601,29797,9800,,0,0.0,0,True,9,9,601,,True,curve,1.0,1.0,1.0,True,True,True,sparse,0.01733899800092331,True,0.03570558299907134,True,607,False,0,0,1.0,1.0,0.03008427200074948,True,ivf,187047936,1,,run_00333.json,2,607,0.07660587999998825,0.15973473300073238,1,[]
605,29790,9798,,0,0.0,0,True,14,14,605,,True,curve,1.0,1.0,1.0,True,True,True,sparse,0.016698686000381713,True,0.03665627299960761,True,614,False,0,0,1.0,1.0,0.030869715999870095,True,ivf,187047936,0,,run_00334.json,1,614,0.07673872000123083,0.16096339500109025,1,[]
536603,114134,934543,,0,0.0,0,True,438,438,536603,,True,mixture,1.0,1.0,1.0,True,True,True,inverted,0.835360169001433,True,0.04250198699992325,True,5906,False,0,0,1.0,1.0,0.959380798998609,True,ball_tree,380780544,1,,run_00335.json,2,5906,1.7028293410003243,3.5400722960002895,1,[]
830542,112442,1128697,112112,0,0.8076214790344238,0,False,795,867,319560,24668095,True,gaussian,0.9886710338202436,1.0,0.9886710338202436,False,False,True,inverted,1.2137480719993619,True,1.2427777590000915,True,6868,False,2076,0,1.0,0.9818718454740739,0.0,False,verified_hnsw_partial,520376320,0,330,run_00336.json,2,6868,34.69643540400102,37.152961235000475,1,[]
558534,112872,934006,112504,0,0.0,121800000,True,478,478,558534,18756376,True,mixture,1.0,1.0,1.0,True,True,True,inverted,0.859453687999121,True,0.9657842590004293,True,6090,True,0,0,1.0,1.0,7.7000631890005025,True,verified_hnsw_complete,408854528,0,75,run_00337.json,1,6090,21.040207484000348,30.5655086200004,1,[]
558534,112872,934006,0,0,0.0,121800000,True,478,478,558534,63642275,True,mixture,1.0,1.0,1.0,True,True,True,inverted,0.8464006720005273,True,3.84199847758282e-06,True,6090,True,0,0,1.0,1.0,7.414825034999012,True,verified_none_complete,379170816,0,13910,run_00338.json,1,6090,35.34315285399862,43.604382402996634,1,[]
536603,114134,934543,,0,0.0,0,True,438,438,536603,,True,mixture,1.0,1.0,1.0,True,True,True,sparse,0.6896535409996432,True,0.002012429000387783,True,5906,False,0,0,1.0,1.0,28.344090676000633,True,brute_force,351170560,0,,run_00339.json,2,5906,31.87435423200077,60.91011087800143,1,[]
0,20000,0,0,0,0.07521863737884832,0,False,9,607,0,11324420,True,curve,0.0,1.0,0.0,False,False,True,inverted,0.014040698000826524,True,3.840999852400273e-06,True,607,False,9797,0,1.0,0.6712085109239185,0.0,False,verified_none_partial,187047936,1,19393,run_00340.json,2,607,1.4870151019986224,1.5010596409993013,1,[]
518336,105497,836791,,0,0.0,0,True,532,532,518336,,True,mixture,1.0,1.0,1.0,True,True,True,sparse,0.663457582000774,True,0.009838092000791221,True,6264,False,0,0,1.0,1.0,0.8037280239987012,True,flat_batch,357380096,2,,run_00341.json,0,6264,1.222924742000032,2.6999484400002984,1,[]
517862,105169,834982,,0,0.12529019142190614,0,False,532,540,450430,,False,mixture,0.9990855352512655,1.0,0.9990855352512655,False,False,True,sparse,0.6981034719992749,True,0.9845325429996592,False,6264,False,328,0,1.0,0.9968909068504318,4.798196933999861,False,hnsw,362397696,1,,run_00342.json,0,6321,12.651356996999311,19.132189945998107,1,[]
558534,112872,934006,,0,0.0,0,True,478,478,558534,,True,mixture,1.0,1.0,1.0,True,True,True,sparse,0.7028148619992862,True,0.04085012899849971,True,6090,False,0,0,1.0,1.0,0.9922449450004933,True,ball_tree,358912000,1,,run_00343.json,1,6090,1.7310471170003439,3.466957052998623,1,[]
0,20000,0,0,0,0.06139488639058288,0,False,14,614,0,11529689,True,curve,0.0,1.0,0.0,False,False,True,inverted,0.01405424699987634,True,3.3520009310450405e-06,True,614,False,9790,0,1.0,0.671366230278617,0.0,False,verified_none_partial,187047936,0,19386,run_00344.json,1,614,1.498430511001061,1.5124881100018683,1,[]
536603,114134,934543,,0,0.0,0,True,438,438,536603,,True,mixture,1.0,1.0,1.0,True,True,True,sparse,0.6681089329995302,True,0.00911215300038748,True,5906,False,0,0,1.0,1.0,1.05962392299989,True,ckdtree,351494144,1,,run_00345.json,2,5906,1.457486858998891,3.1943318679986987,1,[]
601,29797,9800,,0,0.0,0,True,9,9,601,,True,curve,1.0,1.0,1.0,True,True,True,inverted,0.02017639100085944,True,0.04013229100019089,True,607,False,0,0,1.0,1.0,0.08100392800042755,True,ball_tree,187047936,2,,run_00346.json,2,607,0.15379561800000374,0.2951082280014816,1,[]
0,20000,0,0,0,0.9079657673835753,0,False,438,5906,0,62286115,True,mixture,0.0,1.0,0.0,False,False,True,sparse,0.05865740300032485,True,3.7010013329563662e-06,True,5906,False,94134,0,1.0,0.1752326213047821,0.0,False,verified_none_partial,187047936,1,14094,run_00347.json,2,5906,34.447122364999814,34.50578346900147,1,[]
954921,128268,1419251,,0,0.0,0,True,526,526,954921,,True,gaussian,1.0,1.0,1.0,True,True,True,sparse,1.1407112130000314,True,0.002359613999942667,True,6055,False,0,0,1.0,1.0,37.06205521799893,True,brute_force,490688512,2,,run_00348.json,1,6055,30.709253683000497,68.9143797279994,1,[]
536603,114134,934543,0,0,0.0,118120000,True,438,438,536603,62286115,True,mixture,1.0,1.0,1.0,True,True,True,sparse,0.667878591999397,True,2.7940004656556994e-06,True,5906,True,0,0,1.0,1.0,7.226346400999319,True,verified_none_complete,342691840,1,14094,run_00349.json,2,5906,34.28582398100116,42.18005176800034,1,[]
601,29797,9800,,0,0.0,0,True,9,9,601,,True,curve,1.0,1.0,1.0,True,True,True,inverted,0.01954438600114372,True,0.009488530000453466,True,607,False,0,0,1.0,1.0,0.09422095799891395,True,flat_scalar,187047936,1,,run_00350.json,2,607,0.12174207300085982,0.24499594700137095,1,[]
840059,114518,1150593,0,0,0.0,137360000,True,795,795,840059,68123509,True,gaussian,1.0,1.0,1.0,True,True,True,inverted,1.3814958839993778,True,2.863998815882951e-06,True,6868,True,0,0,1.0,1.0,10.922120237000854,True,verified_none_complete,495239168,0,13132,run_00351.json,2,6868,42.85374091700032,55.15735990199937,1,[]
592,29557,9561,,0,0.0,0,True,17,17,592,,True,curve,1.0,1.0,1.0,True,True,True,sparse,0.018429007001032005,True,0.0033738589991116896,True,605,False,0,0,1.0,1.0,3.249581706000754,True,brute_force,187047936,1,,run_00352.json,0,605,3.7781184859995847,7.049503058000482,1,[]
592,29557,9561,,0,0.0,0,True,17,17,592,,True,curve,1.0,1.0,1.0,True,True,True,sparse,0.016823059000671492,True,0.008578905999456765,True,605,False,0,0,1.0,1.0,0.03924284099957731,True,ckdtree,187047936,1,,run_00353.json,0,605,0.07586534900110564,0.1405101550008112,1,[]
605,29790,9798,,0,0.0,0,True,14,14,605,,True,curve,1.0,1.0,1.0,True,True,True,inverted,0.01784072699956596,True,0.011188065000169445,True,614,False,0,0,1.0,1.0,0.05124344700016081,True,ckdtree_inflated,187047936,2,,run_00354.json,1,614,0.0890953840007569,0.1693676230006531,1,[]
171881,53884,189395,,0,1.8266571499407291,0,False,749,6670,83,,False,gaussian,0.19660304671182516,1.0,0.19660304671182516,False,False,True,inverted,0.2768978830008564,True,0.036102324000239605,False,6747,False,61038,0,1.0,0.46887454099302134,0.23443965500155173,False,ivf,251826176,2,,run_00355.json,0,7863,0.7401563779985736,1.2875962400012213,1,[]
381356,92254,598855,,0,0.5024868249893188,0,False,438,3812,151450,,False,mixture,0.7106855533793139,1.0,0.7106855533793139,False,False,True,inverted,0.6177591190007661,True,0.03686164600003394,False,5906,False,21880,0,1.0,0.8082955122925684,0.2570182550007303,False,ivf,340013056,2,,run_00356.json,2,6150,0.6522380339993106,1.5638770540008409,1,[]
874254,114922,1219045,0,0,0.0,134940000,True,749,749,874254,67481705,True,gaussian,1.0,1.0,1.0,True,True,True,sparse,1.078764666999632,True,3.3520009310450405e-06,True,6747,True,0,0,1.0,1.0,9.347898764999627,True,verified_none_complete,454942720,0,13253,run_00357.json,0,6747,39.64594135399966,50.07260813799985,1,[]
840059,114518,1150593,,0,0.0,0,True,795,795,840059,,True,gaussian,1.0,1.0,1.0,True,True,True,sparse,1.122778034001385,True,0.009771597999133519,True,6868,False,0,0,1.0,1.0,11.858076874999824,True,ckdtree_inflated,452317184,1,,run_00358.json,2,6868,11.365531503999591,24.356158010999934,1,[]
592,29557,9561,29557,0,0.0,12100000,True,17,17,592,182710,True,curve,1.0,1.0,1.0,True,True,True,inverted,0.021182387001317693,True,0.46047922700017807,True,605,True,0,0,1.0,1.0,0.801759347999905,True,verified_hnsw_complete,199847936,1,0,run_00359.json,0,605,0.25095105599939416,1.534372018000795,1,[]
940581,125026,1380787,124630,0,0.7075763940811157,0,False,526,658,259614,19521930,True,gaussian,0.9849830509539532,1.0,0.9849830509539532,False,False,True,sparse,1.176137861000825,True,1.3436634789995878,True,6055,False,3242,0,1.0,0.9747247949605513,0.0,False,verified_hnsw_partial,504483840,2,396,run_00360.json,1,6055,31.75880502400105,34.27860636400146,1,[]
558534,112872,934006,,0,0.0,0,True,478,478,558534,,True,mixture,1.0,1.0,1.0,True,True,True,inverted,0.8560430559991801,True,0.040033657000094536,True,6090,False,0,0,1.0,1.0,0.9761230049989535,True,ball_tree,388050944,2,,run_00361.json,1,6090,1.6806458899991412,3.5528456079973694,1,[]
601,29796,9799,29795,0,0.00013057032175506356,0,True,9,9,601,184511,True,curve,1.0,1.0,1.0,False,False,True,inverted,0.018434940999213723,True,0.4472862599996006,True,607,False,1,0,1.0,0.9999664395744539,0.0,False,verified_hnsw_partial,193064960,1,1,run_00362.json,2,607,0.23162994900121703,0.6973511500000313,1,[]
954921,128268,1419251,,0,0.0,0,True,526,526,954921,,True,gaussian,1.0,1.0,1.0,True,True,True,inverted,1.4282056120009656,True,0.0021252229998935945,True,6055,False,0,0,1.0,1.0,32.268389288001345,True,brute_force,543977472,1,,run_00363.json,1,6055,33.47037084600015,67.16909096900235,1,[]
0,20000,0,0,0,0.07521863737884832,0,False,9,607,0,11324420,True,curve,0.0,1.0,0.0,False,False,True,inverted,0.013243443998362636,True,3.2820007618283853e-06,True,607,False,9797,0,1.0,0.6712085109239185,0.0,False,verified_none_partial,187047936,2,19393,run_00364.json,2,607,1.4558408980010427,1.4690876240001671,1,[]
601,29795,9799,,0,0.00037007307853165194,0,True,9,9,601,,False,curve,1.0,1.0,1.0,False,False,True,inverted,0.019077417000517016,True,0.4508310019991768,False,607,False,2,0,1.0,0.9999328791489076,0.13735892799923022,False,hnsw,190988288,2,,run_00365.json,2,608,0.1642411210013961,0.7715084680003201,1,[]
874254,114922,1219045,112095,0,0.0,134940000,True,749,749,874254,23929736,True,gaussian,1.0,1.0,1.0,True,True,True,inverted,1.4361800629994832,True,1.213807848000215,True,6747,True,0,0,1.0,1.0,8.301512924001145,True,verified_hnsw_complete,536166400,1,364,run_00366.json,0,6747,33.07665741200071,44.028158247001556,1,[]
954921,128268,1419251,0,0,0.0,121100000,True,526,526,954921,63227724,True,gaussian,1.0,1.0,1.0,True,True,True,inverted,1.4625455049990705,True,3.282999387010932e-06,True,6055,True,0,0,1.0,1.0,8.050143854001362,True,verified_none_complete,535633920,0,13945,run_00367.json,1,6055,34.21635745399908,43.7290500959989,1,[]
605,29790,9798,29790,0,0.0,12280000,True,14,14,605,188191,True,curve,1.0,1.0,1.0,True,True,True,inverted,0.01923090099990077,True,0.4457456509990152,True,614,True,0,0,1.0,1.0,0.7043525890003366,True,verified_hnsw_complete,199663616,1,0,run_00368.json,1,614,0.23261562900006538,1.401944769999318,1,[]
864223,112459,1192410,112095,0,0.7710670828819275,0,False,749,844,326900,23929736,True,gaussian,0.9885262177811025,1.0,0.9885262177811025,False,False,True,inverted,1.2760312870013877,True,1.2108687160016416,True,6747,False,2463,0,1.0,0.9785680722577053,0.0,False,verified_hnsw_partial,531296256,1,364,run_00369.json,0,6747,34.39269906200025,36.879599065003276,1,[]
0,20000,0,0,0,0.9079657673835753,0,False,438,5906,0,62286115,True,mixture,0.0,1.0,0.0,False,False,True,inverted,0.01728522000121302,True,2.9330003599170595e-06,True,5906,False,94134,0,1.0,0.1752326213047821,0.0,False,verified_none_partial,187047936,0,14094,run_00370.json,2,5906,34.2735652650008,34.29085341800237,1,[]
189473,58141,213007,,0,1.6059436053037643,0,False,526,6010,49,,False,gaussian,0.19841746071140964,1.0,0.19841746071140964,False,False,True,sparse,0.27294914899903233,True,0.03599659000065003,False,6055,False,70127,0,1.0,0.4532775127077681,0.21438034200036782,False,ivf,246558720,0,,run_00371.json,1,7155,0.6926551390006352,1.2159812200006854,1,[]
536603,114134,934543,,0,0.0,0,True,438,438,536603,,True,mixture,1.0,1.0,1.0,True,True,True,sparse,0.6810821469989605,True,0.00938180800039845,True,5906,False,0,0,1.0,1.0,0.7450789009999426,True,flat_batch,363843584,2,,run_00372.json,2,5906,1.0810268379991612,2.5165696939984628,1,[]
601,29797,9800,0,0,0.0,12140000,True,9,9,601,11324420,True,curve,1.0,1.0,1.0,True,True,True,inverted,0.01959787200030405,True,3.282999387010932e-06,True,607,True,0,0,1.0,1.0,0.7027654419998726,True,verified_none_complete,187047936,1,19393,run_00373.json,2,607,1.4767160960000183,2.199082692999582,1,[]
601,29797,9800,,0,0.0,0,True,9,9,601,,True,curve,1.0,1.0,1.0,True,True,True,sparse,0.01816704999873764,True,0.009408283000084339,True,607,False,0,0,1.0,1.0,0.09250737200090953,True,flat_scalar,187047936,1,,run_00374.json,2,607,0.1203253309995489,0.2404080359992804,1,[]
518336,105497,836791,,0,0.0,0,True,532,532,518336,,True,mixture,1.0,1.0,1.0,True,True,True,sparse,0.6584682529992278,True,0.009447953998460434,True,6264,False,0,0,1.0,1.0,0.9142494540010375,True,flat_scalar,357318656,0,,run_00375.json,0,6264,1.208239740000863,2.790405400999589,1,[]
605,29790,9798,,0,0.0,0,True,14,14,605,,True,curve,1.0,1.0,1.0,True,True,True,sparse,0.017761496999810333,True,0.009701409000626882,True,614,False,0,0,1.0,1.0,0.05121909299850813,True,ckdtree_inflated,187047936,2,,run_00376.json,1,614,0.08761020199926861,0.16629220099821396,1,[]
601,29797,9800,0,0,0.0,12140000,True,9,9,601,11324420,True,curve,1.0,1.0,1.0,True,True,True,inverted,0.019675199000630528,True,3.2830012060003355e-06,True,607,True,0,0,1.0,1.0,0.6968389789999492,True,verified_none_complete,187047936,0,19393,run_00377.json,2,607,1.452669070000411,2.1691865310021967,1,[]
605,29790,9798,,0,0.0,0,True,14,14,605,,True,curve,1.0,1.0,1.0,True,True,True,inverted,0.019650824999189354,True,0.009330627000963432,True,614,False,0,0,1.0,1.0,0.08141920100024436,True,flat_batch,187047936,2,,run_00378.json,1,614,0.1224389990002237,0.23283965200062084,1,[]
840059,114518,1150593,112112,0,0.0,137360000,True,795,795,840059,24668095,True,gaussian,1.0,1.0,1.0,True,True,True,sparse,1.1215281109998614,True,1.2090709759995661,True,6868,True,0,0,1.0,1.0,9.894471720999718,True,verified_hnsw_complete,470646784,2,330,run_00379.json,2,6868,37.94342024999969,50.168491057998835,1,[]
536059,113769,931726,113678,0,0.08816880484422052,0,False,438,446,468537,17724107,True,mixture,0.998986215134839,1.0,0.998986215134839,False,False,True,inverted,0.9017482950002886,True,1.0059929670005658,True,5906,False,365,0,1.0,0.9968020046611877,0.0,False,verified_hnsw_partial,400527360,1,91,run_00380.json,2,5906,22.750547333000213,24.658288595001068,1,[]
558534,112872,934006,,0,0.0,0,True,478,478,558534,,True,mixture,1.0,1.0,1.0,True,True,True,sparse,0.7850066060000245,True,0.014901926999300485,True,6090,False,0,0,1.0,1.0,2.6830160839999735,True,ckdtree_inflated,359124992,0,,run_00381.json,1,6090,3.3970348589991772,6.879959475998476,1,[]
536603,114134,934543,,0,0.0,0,True,438,438,536603,,True,mixture,1.0,1.0,1.0,True,True,True,inverted,1.2705808139999135,True,0.010676076999516226,True,5906,False,0,0,1.0,1.0,1.0835605309985112,True,flat_scalar,392589312,0,,run_00382.json,2,5906,1.22665470299944,3.591472124997381,1,[]
940504,124630,1380528,,0,0.7075763940811157,0,False,526,701,233012,,False,gaussian,0.9849024160113768,1.0,0.9849024160113768,False,False,True,sparse,1.1716968570017343,True,1.317084201000398,False,6055,False,3638,0,1.0,0.9716375089656033,19.270511114998953,False,hnsw,503730176,0,,run_00383.json,1,6301,21.12601497000105,42.88530714300214,1,[]
605,29790,9798,0,0,0.0,12280000,True,14,14,605,11529689,True,curve,1.0,1.0,1.0,True,True,True,sparse,0.0183260590001737,True,4.191000698483549e-06,True,614,True,0,0,1.0,1.0,0.8784989450014109,True,verified_none_complete,187047936,1,19386,run_00384.json,1,614,1.5398511929997767,2.4366803880020598,1,[]
605,29790,9798,,0,0.0,0,True,14,14,605,,True,curve,1.0,1.0,1.0,True,True,True,sparse,0.019489330999931553,True,0.5108018770006311,True,614,False,0,0,1.0,1.0,0.16904000200156588,True,hnsw,187047936,1,,run_00385.json,1,614,0.1774692489998415,0.87680045900197,1,[]
874254,114922,1219045,,0,0.0,0,True,749,749,874254,,True,gaussian,1.0,1.0,1.0,True,True,True,sparse,1.2044756679988495,True,0.011908024000149453,True,6747,False,0,0,1.0,1.0,11.21637848499995,True,ckdtree_inflated,464097280,1,,run_00386.json,0,6747,11.971244317999663,24.40400649499861,1,[]
518336,105497,836791,,0,0.0,0,True,532,532,518336,,True,mixture,1.0,1.0,1.0,True,True,True,inverted,0.8822944069997902,True,0.009628633999454905,True,6264,False,0,0,1.0,1.0,1.316609696001251,True,ckdtree,374169600,2,,run_00387.json,0,6264,1.690775613000369,3.899308350000865,1,[]
536603,114134,934543,,0,0.0,0,True,438,438,536603,,True,mixture,1.0,1.0,1.0,True,True,True,sparse,0.7578508020014851,True,0.009988179999709246,True,5906,False,0,0,1.0,1.0,2.5516118970008392,True,ckdtree_inflated,351825920,1,,run_00388.json,2,5906,2.995650819999355,6.315101699001389,1,[]
381356,92254,598855,,0,0.5024868249893188,0,False,438,3812,151450,,False,mixture,0.7106855533793139,1.0,0.7106855533793139,False,False,True,inverted,0.6429037620000599,True,0.04072559400083264,False,5906,False,21880,0,1.0,0.8082955122925684,0.2527277930003038,False,ivf,340398080,1,,run_00389.json,2,6150,0.6660914099993533,1.6024485590005497,1,[]
954921,128268,1419251,,0,0.0,0,True,526,526,954921,,True,gaussian,1.0,1.0,1.0,True,True,True,inverted,1.5947828800017305,True,0.010768868998638936,True,6055,False,0,0,1.0,1.0,0.7999956240000756,True,flat_batch,556625920,1,,run_00390.json,1,6055,1.131904415000463,3.537451788000908,1,[]
518336,105497,836791,,0,0.0,0,True,532,532,518336,,True,mixture,1.0,1.0,1.0,True,True,True,sparse,0.738241379000101,True,0.00946584899975278,True,6264,False,0,0,1.0,1.0,1.217283268000756,True,ckdtree,344498176,1,,run_00391.json,0,6264,1.6033806870000262,3.568371183000636,1,[]
592,29557,9561,29557,0,0.0,0,True,17,17,592,182710,True,curve,1.0,1.0,1.0,True,True,True,sparse,0.017986331999054528,True,0.47265546699964034,True,605,False,0,0,1.0,1.0,0.0,True,verified_hnsw_partial,192561152,1,0,run_00392.json,0,605,0.25765365999905043,0.7482954589977453,1,[]
954921,128268,1419251,,0,0.0,0,True,526,526,954921,,True,gaussian,1.0,1.0,1.0,True,True,True,inverted,1.6206291979997332,True,0.043535835000511725,True,6055,False,0,0,1.0,1.0,3.9685906449994945,True,ball_tree,543961088,1,,run_00393.json,1,6055,5.117500828999255,10.750256506998994,1,[]
558039,112579,931884,112504,0,0.07835624615351366,0,False,478,481,499040,18756376,True,mixture,0.999113751356229,1.0,0.999113751356229,False,False,True,inverted,0.9545584749994305,True,1.0251482229996327,True,6090,False,293,0,1.0,0.9974041392019278,0.0,False,verified_hnsw_partial,407900160,1,75,run_00394.json,1,6090,22.997532143999706,24.97723884199877,1,[]
518336,105497,836791,105169,0,0.0,125280000,True,532,532,518336,19834732,True,mixture,1.0,1.0,1.0,True,True,True,sparse,0.7426470919999701,True,1.0797317860015028,True,6264,True,0,0,1.0,1.0,8.45279216400013,True,verified_hnsw_complete,363417600,0,75,run_00395.json,0,6264,22.63844180600063,32.91361284800223,1,[]
874254,114922,1219045,,0,0.0,0,True,749,749,874254,,True,gaussian,1.0,1.0,1.0,True,True,True,inverted,1.4611253820003185,True,0.01538952699957008,True,6747,False,0,0,1.0,1.0,0.9135111570012668,True,flat_batch,527208448,0,,run_00396.json,0,6747,1.3165073649997794,3.706533431000935,1,[]
518336,105497,836791,105169,0,0.0,125280000,True,532,532,518336,19834732,True,mixture,1.0,1.0,1.0,True,True,True,inverted,0.8798737260003691,True,1.0624557820010523,True,6264,True,0,0,1.0,1.0,9.27284545799921,True,verified_hnsw_complete,394358784,0,75,run_00397.json,0,6264,23.796385614999963,35.011560581000595,1,[]
601,29797,9800,29795,0,0.0,12140000,True,9,9,601,184511,True,curve,1.0,1.0,1.0,True,True,True,sparse,0.01861237000048277,True,0.46915841000009095,True,607,True,0,0,1.0,1.0,0.7777879599998414,True,verified_hnsw_complete,195829760,2,1,run_00398.json,2,607,0.2460167730005196,1.5115755130009347,1,[]
558534,112872,934006,0,0,0.0,121800000,True,478,478,558534,63642275,True,mixture,1.0,1.0,1.0,True,True,True,sparse,0.775080921001063,True,4.260000423528254e-06,True,6090,True,0,0,1.0,1.0,8.981764222000493,True,verified_none_complete,350199808,0,13910,run_00399.json,1,6090,38.79529022499992,48.552139628001896,1,[]
592,29557,9561,,0,0.0,0,True,17,17,592,,True,curve,1.0,1.0,1.0,True,True,True,sparse,0.017314032000285806,True,0.03657167900018976,True,605,False,0,0,1.0,1.0,0.030312562999824877,True,ivf,187047936,2,,run_00400.json,0,605,0.07617063400175539,0.16036890800205583,1,[]
0,20000,0,0,0,2.3112549632787704,0,False,749,6747,0,67481705,True,gaussian,0.0,1.0,0.0,False,False,True,sparse,0.0668505349985935,True,3.3520009310450405e-06,True,6747,False,94922,0,1.0,0.17403108195123648,0.0,False,verified_none_partial,187047936,0,13253,run_00401.json,0,6747,38.888329560000784,38.95518344700031,1,[]
536059,113769,931726,113678,0,0.08816880484422052,0,False,438,446,468537,17724107,True,mixture,0.998986215134839,1.0,0.998986215134839,False,False,True,inverted,0.953447085001244,True,1.0327298299998802,True,5906,False,365,0,1.0,0.9968020046611877,0.0,False,verified_hnsw_partial,400134144,0,91,run_00402.json,2,5906,22.36087653300092,24.347053448002043,1,[]
536603,114134,934543,,0,0.0,0,True,438,438,536603,,True,mixture,1.0,1.0,1.0,True,True,True,sparse,0.7509659179995651,True,0.001865256001110538,True,5906,False,0,0,1.0,1.0,32.27393157900042,True,brute_force,350904320,2,,run_00403.json,2,5906,35.21058236099998,68.23734511400107,1,[]
954921,128268,1419251,,0,0.0,0,True,526,526,954921,,True,gaussian,1.0,1.0,1.0,True,True,True,inverted,1.6125817669999378,True,0.009613752999939607,True,6055,False,0,0,1.0,1.0,0.843126542000391,True,flat_batch,556765184,0,,run_00404.json,1,6055,1.161117126001045,3.6264391880013136,1,[]
518336,105497,836791,,0,0.0,0,True,532,532,518336,,True,mixture,1.0,1.0,1.0,True,True,True,inverted,0.8637893209997856,True,0.010141477001525345,True,6264,False,0,0,1.0,1.0,1.0346666400000686,True,flat_scalar,385105920,0,,run_00405.json,0,6264,1.1965705080001499,3.1051679460015293,1,[]
0,20000,0,0,0,2.4398670569062233,0,False,526,6055,0,63227724,True,gaussian,0.0,1.0,0.0,False,False,True,sparse,0.06292534200110822,True,3.2130010367836803e-06,True,6055,False,108268,0,1.0,0.15592353509838774,0.0,False,verified_none_partial,187047936,2,13945,run_00406.json,1,6055,38.97343938400081,39.03636793900296,1,[]
518336,105497,836791,0,0,0.0,125280000,True,532,532,518336,64776440,True,mixture,1.0,1.0,1.0,True,True,True,inverted,0.8867961550004111,True,2.863998815882951e-06,True,6264,True,0,0,1.0,1.0,9.035807337000733,True,verified_none_complete,365248512,1,13736,run_00407.json,0,6264,37.51998716400158,47.44259352000154,1,[]
840059,114518,1150593,,0,0.0,0,True,795,795,840059,,True,gaussian,1.0,1.0,1.0,True,True,True,inverted,1.395207952000419,True,0.01396419299999252,True,6868,False,0,0,1.0,1.0,0.945070849998956,True,flat_batch,516198400,1,,run_00408.json,2,6868,1.3491203199992015,3.703363314998569,1,[]
0,20000,0,0,0,1.0238800203358687,0,False,532,6264,0,64776440,True,mixture,0.0,1.0,0.0,False,False,True,sparse,0.0641783459996077,True,4.329998773755506e-06,True,6264,False,85497,0,1.0,0.1895788505834289,0.0,False,verified_none_partial,187047936,1,13736,run_00409.json,0,6264,37.180878192999444,37.245060868997825,1,[]
558534,112872,934006,,0,0.0,0,True,478,478,558534,,True,mixture,1.0,1.0,1.0,True,True,True,sparse,0.7634733419999975,True,0.015032773999337223,True,6090,False,0,0,1.0,1.0,2.7585787659991183,True,ckdtree_inflated,359260160,1,,run_00410.json,1,6090,3.2108550859993557,6.747939967997809,1,[]
840059,114518,1150593,,0,0.0,0,True,795,795,840059,,True,gaussian,1.0,1.0,1.0,True,True,True,inverted,1.4248651920006523,True,0.009919882000758662,True,6868,False,0,0,1.0,1.0,11.218105564001235,True,ckdtree_inflated,504074240,1,,run_00411.json,2,6868,12.135539799999606,24.78843043800225,1,[]
0,20000,0,0,0,0.07974993310323575,0,False,17,605,0,11253106,True,curve,0.0,1.0,0.0,False,False,True,inverted,0.015356146001067827,True,3.770999683183618e-06,True,605,False,9557,0,1.0,0.6766586595391955,0.0,False,verified_none_partial,187047936,2,19395,run_00412.json,0,605,1.5102849029990466,1.5256448199997976,1,[]
840059,114518,1150593,,0,0.0,0,True,795,795,840059,,True,gaussian,1.0,1.0,1.0,True,True,True,inverted,1.2325327500002459,True,0.011468971000795136,True,6868,False,0,0,1.0,1.0,10.07602746900011,True,ckdtree_inflated,504279040,2,,run_00413.json,2,6868,12.431834202001482,23.751863392002633,1,[]
605,29790,9798,0,0,0.0,12280000,True,14,14,605,11529689,True,curve,1.0,1.0,1.0,True,True,True,inverted,0.017710858999635093,True,2.8640006348723546e-06,True,614,True,0,0,1.0,1.0,0.6787180030005402,True,verified_none_complete,187047936,2,19386,run_00414.json,1,614,1.4813036200011993,2.1777353460020095,1,[]
840059,114518,1150593,0,0,0.0,137360000,True,795,795,840059,68123509,True,gaussian,1.0,1.0,1.0,True,True,True,sparse,1.0212638480006717,True,2.932998540927656e-06,True,6868,True,0,0,1.0,1.0,8.88590264800041,True,verified_none_complete,444207104,0,13132,run_00415.json,2,6868,36.48457028300072,46.391739712000344,1,[]
171881,53884,189395,,0,1.8266571499407291,0,False,749,6670,83,,False,gaussian,0.19660304671182516,1.0,0.19660304671182516,False,False,True,inverted,0.31743474600079935,True,0.041998714999863296,False,6747,False,61038,0,1.0,0.46887454099302134,0.25935562099948584,False,ivf,251785216,0,,run_00416.json,0,7863,0.8811494279998442,1.4999385099999927,1,[]
840059,114518,1150593,,0,0.0,0,True,795,795,840059,,True,gaussian,1.0,1.0,1.0,True,True,True,inverted,1.2547024209998199,True,0.009414026000740705,True,6868,False,0,0,1.0,1.0,1.007946355999593,True,flat_scalar,516427776,2,,run_00417.json,2,6868,1.2332491530014522,3.5053119560016057,1,[]
601,29797,9800,,0,0.0,0,True,9,9,601,,True,curve,1.0,1.0,1.0,True,True,True,inverted,0.01957717400000547,True,0.009538902999338461,True,607,False,0,0,1.0,1.0,0.08441558099912072,True,flat_batch,187047936,1,,run_00418.json,2,607,0.12242997300018033,0.23596163099864498,1,[]
592,29557,9561,,0,0.0,0,True,17,17,592,,True,curve,1.0,1.0,1.0,True,True,True,inverted,0.018591358999401564,True,0.04027111600044009,True,605,False,0,0,1.0,1.0,0.06477498999993259,True,ball_tree,187047936,2,,run_00419.json,0,605,0.13919168999927933,0.26282915499905357,1,[]
954921,128268,1419251,124630,0,0.0,121100000,True,526,526,954921,19521930,True,gaussian,1.0,1.0,1.0,True,True,True,sparse,1.1507371949992375,True,1.2353713869997591,True,6055,True,0,0,1.0,1.0,7.402592823000305,True,verified_hnsw_complete,509255680,1,396,run_00420.json,1,6055,29.71796497899959,39.50666638399889,1,[]
0,20000,0,0,0,0.06139488639058288,0,False,14,614,0,11529689,True,curve,0.0,1.0,0.0,False,False,True,sparse,0.01386357099909219,True,4.749999789055437e-06,True,614,False,9790,0,1.0,0.671366230278617,0.0,False,verified_none_partial,187047936,0,19386,run_00421.json,1,614,1.4937179560001823,1.5075862769990636,1,[]
874254,114922,1219045,,0,0.0,0,True,749,749,874254,,True,gaussian,1.0,1.0,1.0,True,True,True,inverted,1.3053369389999716,True,0.008579698998801177,True,6747,False,0,0,1.0,1.0,4.6690472760001285,True,ckdtree,515497984,2,,run_00422.json,0,6747,5.166631513000539,11.14959542699944,1,[]
518336,105497,836791,,0,0.0,0,True,532,532,518336,,True,mixture,1.0,1.0,1.0,True,True,True,inverted,0.813639489999332,True,0.008687814999575494,True,6264,False,0,0,1.0,1.0,1.186150314999395,True,ckdtree,373592064,0,,run_00423.json,0,6264,1.6213279009989492,3.6298055209972517,1,[]
558032,112504,931848,,0,0.07835624615351366,0,False,478,481,485901,,False,mixture,0.9991012185471252,1.0,0.9991012185471252,False,False,True,sparse,0.7313979030004703,True,0.9906734939995658,False,6090,False,368,0,1.0,0.9967396697143667,4.7796989970011055,False,hnsw,376565760,1,,run_00424.json,1,6155,12.474123355001211,18.975893749002353,1,[]
0,20000,0,0,0,2.3112549632787704,0,False,749,6747,0,67481705,True,gaussian,0.0,1.0,0.0,False,False,True,inverted,0.01853570399907767,True,3.2819989428389817e-06,True,6747,False,94922,0,1.0,0.17403108195123648,0.0,False,verified_none_partial,187047936,0,13253,run_00425.json,0,6747,37.21181669799989,37.230355683997914,1,[]
592,29557,9561,,0,0.0,0,True,17,17,592,,True,curve,1.0,1.0,1.0,True,True,True,sparse,0.017567558999871835,True,0.009460125998884905,True,605,False,0,0,1.0,1.0,0.08060457099963969,True,flat_batch,187047936,1,,run_00426.json,0,605,0.12126409599841281,0.22889635199680924,1,[]
0,20000,0,0,0,0.8394506507449679,0,False,478,6090,0,63642275,True,mixture,0.0,1.0,0.0,False,False,True,inverted,0.017445477000364917,True,2.7940004656556994e-06,True,6090,False,92872,0,1.0,0.177191863349635,0.0,False,verified_none_partial,187047936,1,13910,run_00427.json,1,6090,34.8392081009988,34.856656371999634,1,[]
605,29790,9798,29790,0,0.0,0,True,14,14,605,188191,True,curve,1.0,1.0,1.0,True,True,True,sparse,0.01668245700057014,True,0.4450872849993175,True,614,False,0,0,1.0,1.0,0.0,True,verified_hnsw_partial,192839680,2,0,run_00428.json,1,614,0.23333991099934792,0.6951096529992355,1,[]
605,29790,9798,,0,0.0,0,True,14,14,605,,True,curve,1.0,1.0,1.0,True,True,True,sparse,0.01785586699952546,True,0.0019131740009470377,True,614,False,0,0,1.0,1.0,2.8405514670012053,True,brute_force,187047936,0,,run_00429.json,1,614,2.9148669949991017,5.7751875030007795,1,[]
954921,128268,1419251,,0,0.0,0,True,526,526,954921,,True,gaussian,1.0,1.0,1.0,True,True,True,sparse,1.2788951999991696,True,0.001906607998535037,True,6055,False,0,0,1.0,1.0,43.71370165300141,True,brute_force,490790912,0,,run_00430.json,1,6055,31.368673303000833,76.36317676399995,1,[]
874254,114922,1219045,,0,0.0,0,True,749,749,874254,,True,gaussian,1.0,1.0,1.0,True,True,True,inverted,1.49083795200022,True,0.009881834001134848,True,6747,False,0,0,1.0,1.0,1.1198765830013144,True,flat_scalar,527605760,2,,run_00431.json,0,6747,1.3261616060008237,3.946757975003493,1,[]
536603,114134,934543,,0,0.0,0,True,438,438,536603,,True,mixture,1.0,1.0,1.0,True,True,True,inverted,0.9553271189997758,True,0.013618085999041796,True,5906,False,0,0,1.0,1.0,2.702970166999876,True,ckdtree_inflated,380821504,1,,run_00432.json,2,5906,3.119873691999601,6.791789063998294,1,[]
840059,114518,1150593,,0,0.0,0,True,795,795,840059,,True,gaussian,1.0,1.0,1.0,True,True,True,inverted,1.3851360160006152,True,0.011464446999525535,True,6868,False,0,0,1.0,1.0,11.143373847000476,True,ckdtree_inflated,504262656,0,,run_00433.json,2,6868,11.85636682599943,24.396341136000046,1,[]
601,29796,9799,29795,0,0.00013057032175506356,0,True,9,9,601,184511,True,curve,1.0,1.0,1.0,False,False,True,sparse,0.017602767000425956,True,0.4808831979989918,True,607,False,1,0,1.0,0.9999664395744539,0.0,False,verified_hnsw_partial,192487424,2,1,run_00434.json,2,607,0.24666145800074446,0.7451474230001622,1,[]
592,29557,9561,,0,0.0,0,True,17,17,592,,True,curve,1.0,1.0,1.0,True,True,True,sparse,0.018216255999504938,True,0.5053004920009698,True,605,False,0,0,1.0,1.0,0.1504878780015133,True,hnsw,187047936,1,,run_00435.json,0,605,0.18557943000087107,0.8595840560028591,1,[]
940504,124630,1380528,,0,0.7075763940811157,0,False,526,701,233012,,False,gaussian,0.9849024160113768,1.0,0.9849024160113768,False,False,True,inverted,1.5994742379989475,True,1.349807750999389,False,6055,False,3638,0,1.0,0.9716375089656033,19.57902811799977,False,hnsw,556466176,1,,run_00436.json,1,6301,21.958524527999543,44.48683463499765,1,[]
954921,128268,1419251,,0,0.0,0,True,526,526,954921,,True,gaussian,1.0,1.0,1.0,True,True,True,sparse,1.2814247290007188,True,0.011116009000033955,True,6055,False,0,0,1.0,1.0,4.386141536999276,True,ckdtree,490487808,2,,run_00437.json,1,6055,4.937407891999101,10.616090166999129,1,[]
605,29790,9798,,0,0.0,0,True,14,14,605,,True,curve,1.0,1.0,1.0,True,True,True,sparse,0.01860688300075708,True,0.0049425590004830156,True,614,False,0,0,1.0,1.0,4.105851698999686,True,brute_force,187047936,2,,run_00438.json,1,614,4.15052419300082,8.279925334001746,1,[]
954921,128268,1419251,,0,0.0,0,True,526,526,954921,,True,gaussian,1.0,1.0,1.0,True,True,True,sparse,1.289593479999894,True,0.012213711001095362,True,6055,False,0,0,1.0,1.0,4.291310025000712,True,ckdtree,490500096,0,,run_00439.json,1,6055,4.843875536000269,10.43699275200197,1,[]
840059,114518,1150593,,0,0.0,0,True,795,795,840059,,True,gaussian,1.0,1.0,1.0,True,True,True,inverted,1.4116645880003489,True,0.002360720000069705,True,6868,False,0,0,1.0,1.0,38.80436495399954,True,brute_force,503119872,1,,run_00440.json,2,6868,45.7375243940005,85.95591465600046,1,[]
536603,114134,934543,,0,0.0,0,True,438,438,536603,,True,mixture,1.0,1.0,1.0,True,True,True,inverted,0.9271912710009929,True,0.0021347900001273956,True,5906,False,0,0,1.0,1.0,41.26139957399937,True,brute_force,379965440,2,,run_00441.json,2,5906,28.136977039001067,70.32770267400156,1,[]
0,20000,0,0,0,0.07521863737884832,0,False,9,607,0,11324420,True,curve,0.0,1.0,0.0,False,False,True,sparse,0.013307131001056405,True,3.770999683183618e-06,True,607,False,9797,0,1.0,0.6712085109239185,0.0,False,verified_none_partial,187047936,0,19393,run_00442.json,2,607,1.5893132040000637,1.6026241060008033,1,[]
874254,114922,1219045,,0,0.0,0,True,749,749,874254,,True,gaussian,1.0,1.0,1.0,True,True,True,inverted,1.485783045000062,True,0.0021463140001287684,True,6747,False,0,0,1.0,1.0,44.87348432899853,True,brute_force,514945024,0,,run_00443.json,0,6747,44.055025857000146,90.41643954499887,1,[]
558534,112872,934006,,0,0.0,0,True,478,478,558534,,True,mixture,1.0,1.0,1.0,True,True,True,inverted,0.9973304040013318,True,0.010026159001427004,True,6090,False,0,0,1.0,1.0,1.013479119999829,True,flat_scalar,399941632,1,,run_00444.json,1,6090,1.2064239680003084,3.227259651002896,1,[]
536603,114134,934543,,0,0.0,0,True,438,438,536603,,True,mixture,1.0,1.0,1.0,True,True,True,sparse,0.7681169349998527,True,0.010261106999678304,True,5906,False,0,0,1.0,1.0,2.7555409360011254,True,ckdtree_inflated,351399936,0,,run_00445.json,2,5906,3.219528433999585,6.7534474120002415,1,[]
536603,114134,934543,,0,0.0,0,True,438,438,536603,,True,mixture,1.0,1.0,1.0,True,True,True,inverted,0.9961683779984014,True,0.00976501900004223,True,5906,False,0,0,1.0,1.0,0.8258642229993711,True,flat_batch,392642560,0,,run_00446.json,2,5906,1.1749087499993038,3.0067063699971186,1,[]
605,29790,9798,,0,0.0,0,True,14,14,605,,True,curve,1.0,1.0,1.0,True,True,True,inverted,0.020193325999571243,True,0.011187558999154135,True,614,False,0,0,1.0,1.0,0.10194043099909322,True,flat_scalar,187047936,2,,run_00447.json,1,614,0.14069836899943766,0.27401968499725626,1,[]
592,29557,9561,,0,0.0,0,True,17,17,592,,True,curve,1.0,1.0,1.0,True,True,True,inverted,0.01982895999935863,True,0.038127963000079035,True,605,False,0,0,1.0,1.0,0.031893035000393866,True,ivf,187047936,0,,run_00448.json,0,605,0.08004177600014373,0.16989173399997526,1,[]
518336,105497,836791,,0,0.0,0,True,532,532,518336,,True,mixture,1.0,1.0,1.0,True,True,True,sparse,0.7376831510009652,True,0.011506385999382474,True,6264,False,0,0,1.0,1.0,0.981498436000038,True,flat_scalar,357482496,1,,run_00449.json,0,6264,1.20732956899883,2.9380175419992156,1,[]
840059,114518,1150593,,0,0.0,0,True,795,795,840059,,True,gaussian,1.0,1.0,1.0,True,True,True,inverted,1.471066502001122,True,0.04484165400026541,True,6868,False,0,0,1.0,1.0,4.513403357999778,True,ball_tree,503648256,1,,run_00450.json,2,6868,5.777139987998453,11.806451501999618,1,[]
0,20000,0,0,0,1.0238800203358687,0,False,532,6264,0,64776440,True,mixture,0.0,1.0,0.0,False,False,True,sparse,0.06660438099970634,True,3.351999112055637e-06,True,6264,False,85497,0,1.0,0.1895788505834289,0.0,False,verified_none_partial,187047936,0,13736,run_00451.json,0,6264,37.70785001299919,37.774457745998006,1,[]
840059,114518,1150593,,0,0.0,0,True,795,795,840059,,True,gaussian,1.0,1.0,1.0,True,True,True,inverted,1.393301246998817,True,0.044977416000619996,True,6868,False,0,0,1.0,1.0,4.4856181149989425,True,ball_tree,504029184,2,,run_00452.json,2,6868,5.77918138700079,11.70307816499917,1,[]
592,29557,9561,,0,0.0,0,True,17,17,592,,True,curve,1.0,1.0,1.0,True,True,True,inverted,0.020897393000268494,True,0.041167186998791294,True,605,False,0,0,1.0,1.0,0.034266459000718896,True,ivf,187047936,2,,run_00453.json,0,605,0.08616401499966742,0.1824950539994461,1,[]
954921,128268,1419251,0,0,0.0,121100000,True,526,526,954921,63227724,True,gaussian,1.0,1.0,1.0,True,True,True,inverted,1.6431767439989926,True,5.727000825572759e-06,True,6055,True,0,0,1.0,1.0,7.902089323000837,True,verified_none_complete,535728128,1,13945,run_00454.json,1,6055,38.34125322,47.886525014000654,1,[]
954921,128268,1419251,,0,0.0,0,True,526,526,954921,,True,gaussian,1.0,1.0,1.0,True,True,True,inverted,1.6859386249998352,True,0.012719255000774865,True,6055,False,0,0,1.0,1.0,4.387425353999788,True,ckdtree,543895552,0,,run_00455.json,1,6055,4.960037263999766,11.046120498000164,1,[]
940581,125026,1380787,124630,0,0.7075763940811157,0,False,526,658,259614,19521930,True,gaussian,0.9849830509539532,1.0,0.9849830509539532,False,False,True,sparse,1.270376127999043,True,1.3466574530011712,True,6055,False,3242,0,1.0,0.9747247949605513,0.0,False,verified_hnsw_partial,504246272,0,396,run_00456.json,1,6055,34.400484960999165,37.01751854199938,1,[]
536044,113678,931676,,0,0.08816880484422052,0,False,438,448,454709,,False,mixture,0.9989582615080422,1.0,0.9989582615080422,False,False,True,inverted,0.9833863690000726,True,1.0658465340002294,False,5906,False,456,0,1.0,0.9960046962342509,5.004889394998827,False,hnsw,397783040,2,,run_00457.json,2,5955,13.064391056999739,20.118513354998868,1,[]
601,29797,9800,29795,0,0.0,12140000,True,9,9,601,184511,True,curve,1.0,1.0,1.0,True,True,True,sparse,0.018095817000357783,True,0.4911319580005511,True,607,True,0,0,1.0,1.0,0.7863006399984442,True,verified_hnsw_complete,195416064,1,1,run_00458.json,2,607,0.25381391900009476,1.5493423339994479,1,[]
536603,114134,934543,,0,0.0,0,True,438,438,536603,,True,mixture,1.0,1.0,1.0,True,True,True,sparse,0.7559051450007246,True,0.002048042000751593,True,5906,False,0,0,1.0,1.0,39.970894469000996,True,brute_force,351559680,1,,run_00459.json,2,5906,39.06706886900065,79.79591652500312,1,[]
536603,114134,934543,0,0,0.0,118120000,True,438,438,536603,62286115,True,mixture,1.0,1.0,1.0,True,True,True,inverted,0.9370156700006191,True,5.657000656356104e-06,True,5906,True,0,0,1.0,1.0,7.7343002050001814,True,verified_none_complete,371855360,0,14094,run_00460.json,2,5906,39.2920067490013,47.96332828100276,1,[]
840059,114518,1150593,,0,0.0,0,True,795,795,840059,,True,gaussian,1.0,1.0,1.0,True,True,True,sparse,1.191336121999484,True,0.008879622000677045,True,6868,False,0,0,1.0,1.0,4.797514638999928,True,ckdtree,452300800,0,,run_00461.json,2,6868,5.306820400999641,11.30455078399973,1,[]
592,29557,9561,,0,0.0,0,True,17,17,592,,True,curve,1.0,1.0,1.0,True,True,True,sparse,0.01881301699904725,True,0.009046193999893148,True,605,False,0,0,1.0,1.0,0.10241572800077847,True,flat_scalar,187047936,0,,run_00462.json,0,605,0.13015544100016996,0.26043037999988883,1,[]
840059,114518,1150593,112112,0,0.0,137360000,True,795,795,840059,24668095,True,gaussian,1.0,1.0,1.0,True,True,True,inverted,1.2638641789999383,True,1.345872543999576,True,6868,True,0,0,1.0,1.0,8.793673172000126,True,verified_hnsw_complete,524308480,1,330,run_00463.json,2,6868,37.35236126899872,48.75577116399836,1,[]
536603,114134,934543,,0,0.0,0,True,438,438,536603,,True,mixture,1.0,1.0,1.0,True,True,True,inverted,0.9526663159995223,True,0.009134683999945992,True,5906,False,0,0,1.0,1.0,0.9029603710005176,True,flat_scalar,392818688,1,,run_00464.json,2,5906,1.1095276590003778,2.9742890300003637,1,[]
518336,105497,836791,,0,0.0,0,True,532,532,518336,,True,mixture,1.0,1.0,1.0,True,True,True,sparse,0.7294761899993318,True,0.0028674960012722295,True,6264,False,0,0,1.0,1.0,37.548532205999436,True,brute_force,344776704,2,,run_00465.json,0,6264,33.34507788599876,71.6259537779988,1,[]
558534,112872,934006,,0,0.0,0,True,478,478,558534,,True,mixture,1.0,1.0,1.0,True,True,True,inverted,0.9637832879998314,True,0.010837985000762274,True,6090,False,0,0,1.0,1.0,2.7795051649991365,True,ckdtree_inflated,387997696,0,,run_00466.json,1,6090,3.2587352870014,7.01286172500113,1,[]
830440,112112,1128489,,0,0.8076214790344238,0,False,795,904,289289,,False,gaussian,0.9885496137771276,1.0,0.9885496137771276,False,False,True,sparse,1.0311903790006909,True,1.2411920109989296,False,6868,False,2406,0,1.0,0.9789902024135944,20.181863981999413,False,hnsw,466997248,0,,run_00467.json,2,7061,22.140113719999135,44.59436009199817,1,[]
864139,112095,1192190,,0,0.7710670828819275,0,False,749,868,301708,,False,gaussian,0.9884301358644055,1.0,0.9884301358644055,False,False,True,inverted,1.4477093479999894,True,1.3208687550013565,False,6747,False,2827,0,1.0,0.9754007065661927,21.659657922000406,False,hnsw,528879616,0,,run_00468.json,0,6990,24.306501146998926,48.73473717200068,1,[]
840059,114518,1150593,,0,0.0,0,True,795,795,840059,,True,gaussian,1.0,1.0,1.0,True,True,True,inverted,1.4574441559998377,True,0.01040287000068929,True,6868,False,0,0,1.0,1.0,0.9584606000007625,True,flat_batch,515796992,2,,run_00469.json,2,6868,1.3817003550011577,3.808007981002447,1,[]
536603,114134,934543,,0,0.0,0,True,438,438,536603,,True,mixture,1.0,1.0,1.0,True,True,True,inverted,0.8494595039992419,True,0.04162607400030538,True,5906,False,0,0,1.0,1.0,0.9619840339983057,True,ball_tree,380833792,0,,run_00470.json,2,5906,1.757403711999359,3.610473323997212,1,[]
0,20000,0,0,0,0.9079657673835753,0,False,438,5906,0,62286115,True,mixture,0.0,1.0,0.0,False,False,True,sparse,0.06113394000021799,True,2.8630001907004043e-06,True,5906,False,94134,0,1.0,0.1752326213047821,0.0,False,verified_none_partial,187047936,0,14094,run_00471.json,2,5906,34.48482086200056,34.54595766500097,1,[]
592,29557,9561,29557,0,0.0,0,True,17,17,592,182710,True,curve,1.0,1.0,1.0,True,True,True,inverted,0.017991111999435816,True,0.44872005300021556,True,605,False,0,0,1.0,1.0,0.0,True,verified_hnsw_partial,193290240,2,0,run_00472.json,0,605,0.2318211230012821,0.6985322880009335,1,[]
830542,112442,1128697,112112,0,0.8076214790344238,0,False,795,867,319560,24668095,True,gaussian,0.9886710338202436,1.0,0.9886710338202436,False,False,True,inverted,1.4071436970007198,True,1.238061297999593,True,6868,False,2076,0,1.0,0.9818718454740739,0.0,False,verified_hnsw_partial,520368128,1,330,run_00473.json,2,6868,35.49062353199952,38.13582852699983,1,[]
840059,114518,1150593,,0,0.0,0,True,795,795,840059,,True,gaussian,1.0,1.0,1.0,True,True,True,inverted,1.4515444949993253,True,0.009544931999698747,True,6868,False,0,0,1.0,1.0,1.0939260520008247,True,flat_scalar,516075520,0,,run_00474.json,2,6868,1.3290469139992638,3.8840623929991125,1,[]
518336,105497,836791,,0,0.0,0,True,532,532,518336,,True,mixture,1.0,1.0,1.0,True,True,True,inverted,0.8877144899997802,True,0.0019909099992219126,True,6264,False,0,0,1.0,1.0,41.16628472899902,True,brute_force,373510144,1,,run_00475.json,0,6264,39.45151995000015,81.50751007899817,1,[]
601,29797,9800,,0,0.0,0,True,9,9,601,,True,curve,1.0,1.0,1.0,True,True,True,inverted,0.02055947400003788,True,0.012208068999825628,True,607,False,0,0,1.0,1.0,0.1006518270005472,True,flat_scalar,187047936,2,,run_00476.json,2,607,0.13088830199922086,0.26430767199963157,1,[]
605,29790,9798,0,0,0.0,12280000,True,14,14,605,11529689,True,curve,1.0,1.0,1.0,True,True,True,inverted,0.019207405999623006,True,2.8630001907004043e-06,True,614,True,0,0,1.0,1.0,0.7665149870008463,True,verified_none_complete,187047936,1,19386,run_00477.json,1,614,1.5995736449985998,2.38529890099926,1,[]
536603,114134,934543,,0,0.0,0,True,438,438,536603,,True,mixture,1.0,1.0,1.0,True,True,True,sparse,0.7618412410010933,True,0.0436372330004815,True,5906,False,0,0,1.0,1.0,1.021632800999214,True,ball_tree,351633408,2,,run_00478.json,2,5906,1.8634253860000172,3.690536661000806,1,[]
864223,112459,1192410,112095,0,0.7710670828819275,0,False,749,844,326900,23929736,True,gaussian,0.9885262177811025,1.0,0.9885262177811025,False,False,True,inverted,1.4836737099994934,True,1.350113214000885,True,6747,False,2463,0,1.0,0.9785680722577053,0.0,False,verified_hnsw_partial,531632128,0,364,run_00479.json,0,6747,39.19966350899995,42.033450433000326,1,[]
601,29797,9800,,0,0.0,0,True,9,9,601,,True,curve,1.0,1.0,1.0,True,True,True,inverted,0.02076117599972349,True,0.010053797999717062,True,607,False,0,0,1.0,1.0,0.08619065799939563,True,flat_batch,187047936,2,,run_00480.json,2,607,0.12610155000038503,0.2431071819992212,1,[]
605,29790,9798,,0,0.0,0,True,14,14,605,,True,curve,1.0,1.0,1.0,True,True,True,sparse,0.019418815998506034,True,0.010812139998961356,True,614,False,0,0,1.0,1.0,0.0617176699997799,True,ckdtree_inflated,187047936,0,,run_00481.json,1,614,0.10058589199979906,0.19253451799704635,1,[]
954921,128268,1419251,124630,0,0.0,121100000,True,526,526,954921,19521930,True,gaussian,1.0,1.0,1.0,True,True,True,sparse,1.2875478219993965,True,1.3595203829991078,True,6055,True,0,0,1.0,1.0,7.836653966000085,True,verified_hnsw_complete,508809216,2,396,run_00482.json,1,6055,35.53015224400042,46.01387441499901,1,[]
605,29790,9798,,0,0.0,0,True,14,14,605,,True,curve,1.0,1.0,1.0,True,True,True,sparse,0.01853294200009259,True,0.009769751000931137,True,614,False,0,0,1.0,1.0,0.04568115099937131,True,ckdtree,187047936,1,,run_00483.json,1,614,0.09194177899917122,0.16592562299956626,1,[]
601,29797,9800,29795,0,0.0,12140000,True,9,9,601,184511,True,curve,1.0,1.0,1.0,True,True,True,sparse,0.01717235399883066,True,0.4897933259999263,True,607,True,0,0,1.0,1.0,0.7276312159992813,True,verified_hnsw_complete,194945024,0,1,run_00484.json,2,607,0.23889348000011523,1.4734903759981535,1,[]
601,29797,9800,,0,0.0,0,True,9,9,601,,True,curve,1.0,1.0,1.0,True,True,True,inverted,0.018574707999505335,True,0.009286097001677263,True,607,False,0,0,1.0,1.0,0.08337470399965241,True,flat_batch,187047936,0,,run_00485.json,2,607,0.12350475800121785,0.23474026700205286,1,[]
605,29790,9798,,0,0.0,0,True,14,14,605,,True,curve,1.0,1.0,1.0,True,True,True,inverted,0.021403020999059663,True,0.043682768000508077,True,614,False,0,0,1.0,1.0,0.03389422899999772,True,ivf,187047936,1,,run_00486.json,1,614,0.08432797500063316,0.18330799300019862,1,[]
592,29557,9561,0,0,0.0,12100000,True,17,17,592,11253106,True,curve,1.0,1.0,1.0,True,True,True,sparse,0.018013179000263335,True,3.4220011002616957e-06,True,605,True,0,0,1.0,1.0,0.7581675900000846,True,verified_none_complete,187047936,2,19395,run_00487.json,0,605,1.5971679209997092,2.3733521120011574,1,[]
558039,112579,931884,112504,0,0.07835624615351366,0,False,478,481,499040,18756376,True,mixture,0.999113751356229,1.0,0.999113751356229,False,False,True,sparse,0.8800961500000994,True,1.1010317019990907,True,6090,False,293,0,1.0,0.9974041392019278,0.0,False,verified_hnsw_partial,376983552,2,75,run_00488.json,1,6090,24.569250855000064,26.550378706999254,1,[]
592,29557,9561,,0,0.0,0,True,17,17,592,,True,curve,1.0,1.0,1.0,True,True,True,sparse,0.021142371999303577,True,0.00933435700062546,True,605,False,0,0,1.0,1.0,0.10649555300005886,True,flat_batch,187047936,0,,run_00489.json,0,605,0.13273065000066708,0.269702932000655,1,[]
0,20000,0,0,0,1.0238800203358687,0,False,532,6264,0,64776440,True,mixture,0.0,1.0,0.0,False,False,True,inverted,0.018321810000998084,True,3.842000296572223e-06,True,6264,False,85497,0,1.0,0.1895788505834289,0.0,False,verified_none_partial,187047936,0,13736,run_00490.json,0,6264,38.27735884499998,38.295684497001275,1,[]
592,29557,9561,,0,0.0,0,True,17,17,592,,True,curve,1.0,1.0,1.0,True,True,True,sparse,0.01790820699898177,True,0.03829356299866049,True,605,False,0,0,1.0,1.0,0.03225280600054248,True,ivf,187047936,1,,run_00491.json,0,605,0.07919823199881648,0.16765280799700122,1,[]
874254,114922,1219045,,0,0.0,0,True,749,749,874254,,True,gaussian,1.0,1.0,1.0,True,True,True,sparse,1.1607920880014717,True,0.011968930000875844,True,6747,False,0,0,1.0,1.0,10.716203716001473,True,ckdtree_inflated,464113664,2,,run_00492.json,0,6747,12.124875227998928,24.01383996200275,1,[]
601,29797,9800,,0,0.0,0,True,9,9,601,,True,curve,1.0,1.0,1.0,True,True,True,sparse,0.017881596999359317,True,0.0019277730007161153,True,607,False,0,0,1.0,1.0,3.8431156529986765,True,brute_force,187047936,1,,run_00493.json,2,607,3.9218937890000234,7.784818811998775,1,[]
518336,105497,836791,0,0,0.0,125280000,True,532,532,518336,64776440,True,mixture,1.0,1.0,1.0,True,True,True,sparse,0.7222794819990668,True,4.189998435322195e-06,True,6264,True,0,0,1.0,1.0,8.64550420300111,True,verified_none_complete,336441344,0,13736,run_00494.json,0,6264,38.7448607869992,48.11264866199781,1,[]
605,29790,9798,,0,0.0,0,True,14,14,605,,True,curve,1.0,1.0,1.0,True,True,True,sparse,0.018303511000340222,True,0.4868405979996169,True,614,False,0,0,1.0,1.0,0.1497909019999497,True,hnsw,187047936,0,,run_00495.json,1,614,0.17858451199936098,0.8335195229992678,1,[]
0,20000,0,0,0,0.9079657673835753,0,False,438,5906,0,62286115,True,mixture,0.0,1.0,0.0,False,False,True,inverted,0.018999415000507724,True,3.282999387010932e-06,True,5906,False,94134,0,1.0,0.1752326213047821,0.0,False,verified_none_partial,187047936,1,14094,run_00496.json,2,5906,37.54779750000125,37.56680019800115,1,[]
536603,114134,934543,,0,0.0,0,True,438,438,536603,,True,mixture,1.0,1.0,1.0,True,True,True,sparse,0.7581751560010161,True,0.043125427000632044,True,5906,False,0,0,1.0,1.0,1.0286034529999597,True,ball_tree,351666176,1,,run_00497.json,2,5906,1.8631673820000287,3.6930714180016366,1,[]
536603,114134,934543,,0,0.0,0,True,438,438,536603,,True,mixture,1.0,1.0,1.0,True,True,True,sparse,0.7575215040014882,True,0.012836644000344677,True,5906,False,0,0,1.0,1.0,2.6327621529999305,True,ckdtree_inflated,351715328,2,,run_00498.json,2,5906,2.9886998629990558,6.391820164000819,1,[]
536044,113678,931676,,0,0.08816880484422052,0,False,438,448,454709,,False,mixture,0.9989582615080422,1.0,0.9989582615080422,False,False,True,inverted,0.931617696000103,True,1.0426267020011437,False,5906,False,456,0,1.0,0.9960046962342509,4.986985534000269,False,hnsw,398016512,1,,run_00499.json,2,5955,13.68899396300003,20.650223895001545,1,[]
954921,128268,1419251,0,0,0.0,121100000,True,526,526,954921,63227724,True,gaussian,1.0,1.0,1.0,True,True,True,inverted,1.6281289439993998,True,5.238000085228123e-06,True,6055,True,0,0,1.0,1.0,7.803589311999531,True,verified_none_complete,535654400,2,13945,run_00500.json,1,6055,38.93592770199939,48.367651195998405,1,[]
940581,125026,1380787,124630,0,0.7075763940811157,0,False,526,658,259614,19521930,True,gaussian,0.9849830509539532,1.0,0.9849830509539532,False,False,True,inverted,1.6227666169997974,True,1.3317934610004158,True,6055,False,3242,0,1.0,0.9747247949605513,0.0,False,verified_hnsw_partial,559300608,0,396,run_00501.json,1,6055,33.15411255000072,36.10867262800093,1,[]
605,29790,9798,29790,0,0.0,12280000,True,14,14,605,188191,True,curve,1.0,1.0,1.0,True,True,True,sparse,0.018124787999113323,True,0.5028545649984153,True,614,True,0,0,1.0,1.0,0.7867801190004684,True,verified_hnsw_complete,195760128,1,0,run_00502.json,1,614,0.25839362399892707,1.566153095996924,1,[]
0,20000,0,0,0,0.06139488639058288,0,False,14,614,0,11529689,True,curve,0.0,1.0,0.0,False,False,True,inverted,0.014560997999069514,True,2.8630001907004043e-06,True,614,False,9790,0,1.0,0.671366230278617,0.0,False,verified_none_partial,187047936,2,19386,run_00503.json,1,614,1.651225567999063,1.6657894289983233,1,[]
592,29557,9561,0,0,0.0,12100000,True,17,17,592,11253106,True,curve,1.0,1.0,1.0,True,True,True,inverted,0.019149167999785277,True,5.238000085228123e-06,True,605,True,0,0,1.0,1.0,0.7709043009999732,True,verified_none_complete,187047936,2,19395,run_00504.json,0,605,1.5857380369998282,2.375796743999672,1,[]
601,29796,9799,29795,0,0.00013057032175506356,0,True,9,9,601,184511,True,curve,1.0,1.0,1.0,False,False,True,sparse,0.0178561009997793,True,0.4999472869985766,True,607,False,1,0,1.0,0.9999664395744539,0.0,False,verified_hnsw_partial,192880640,1,1,run_00505.json,2,607,0.25287969000055455,0.7706830779989104,1,[]
536603,114134,934543,,0,0.0,0,True,438,438,536603,,True,mixture,1.0,1.0,1.0,True,True,True,sparse,0.7789773849999619,True,0.00973808500020823,True,5906,False,0,0,1.0,1.0,0.9807585469989135,True,flat_scalar,363687936,0,,run_00506.json,2,5906,1.1517757260007784,2.921249742999862,1,[]
954921,128268,1419251,,0,0.0,0,True,526,526,954921,,True,gaussian,1.0,1.0,1.0,True,True,True,sparse,1.2867179459990439,True,0.01133384499917156,True,6055,False,0,0,1.0,1.0,4.4279952670003695,True,ckdtree,490549248,1,,run_00507.json,1,6055,4.874719203000495,10.60076626099908,1,[]
536603,114134,934543,,0,0.0,0,True,438,438,536603,,True,mixture,1.0,1.0,1.0,True,True,True,inverted,0.9469955369986565,True,0.010240384001008351,True,5906,False,0,0,1.0,1.0,1.1469145829996705,True,ckdtree,380588032,0,,run_00508.json,2,5906,1.6344504030003009,3.738600906999636,1,[]
605,29790,9798,,0,0.0,0,True,14,14,605,,True,curve,1.0,1.0,1.0,True,True,True,sparse,0.01940686300076777,True,0.010946069000056013,True,614,False,0,0,1.0,1.0,0.10803939700053888,True,flat_scalar,187047936,2,,run_00509.json,1,614,0.13993794599991816,0.2783302750012808,1,[]
601,29797,9800,,0,0.0,0,True,9,9,601,,True,curve,1.0,1.0,1.0,True,True,True,sparse,0.019142786999509553,True,0.01246325800093473,True,607,False,0,0,1.0,1.0,0.05829189500036591,True,ckdtree_inflated,187047936,2,,run_00510.json,2,607,0.10296051700061071,0.1928584570014209,1,[]
874254,114922,1219045,0,0,0.0,134940000,True,749,749,874254,67481705,True,gaussian,1.0,1.0,1.0,True,True,True,inverted,1.4973532179992617,True,4.190000254311599e-06,True,6747,True,0,0,1.0,1.0,8.741690931999983,True,verified_none_complete,506613760,0,13253,run_00511.json,0,6747,40.14525929000047,50.38430762999997,1,[]
840059,114518,1150593,,0,0.0,0,True,795,795,840059,,True,gaussian,1.0,1.0,1.0,True,True,True,sparse,1.158004114000505,True,0.0028888229990116088,True,6868,False,0,0,1.0,1.0,38.950518732999626,True,brute_force,452255744,1,,run_00512.json,2,6868,45.58887399499872,85.70028566499786,1,[]
601,29797,9800,0,0,0.0,12140000,True,9,9,601,11324420,True,curve,1.0,1.0,1.0,True,True,True,inverted,0.019252461001087795,True,2.303999281139113e-06,True,607,True,0,0,1.0,1.0,0.7809311279997928,True,verified_none_complete,187047936,2,19393,run_00513.json,2,607,1.580692192999777,2.3808780859999388,1,[]
954921,128268,1419251,,0,0.0,0,True,526,526,954921,,True,gaussian,1.0,1.0,1.0,True,True,True,sparse,1.2816266300014831,True,0.010532714000873966,True,6055,False,0,0,1.0,1.0,1.004825386999073,True,flat_scalar,503328768,0,,run_00514.json,1,6055,1.1706601030000456,3.467644834001476,1,[]
874254,114922,1219045,,0,0.0,0,True,749,749,874254,,True,gaussian,1.0,1.0,1.0,True,True,True,sparse,1.2017903420000948,True,0.00965751700096007,True,6747,False,0,0,1.0,1.0,4.81385925900031,True,ckdtree,463237120,0,,run_00515.json,0,6747,5.383765296999627,11.409072415000992,1,[]
601,29797,9800,0,0,0.0,12140000,True,9,9,601,11324420,True,curve,1.0,1.0,1.0,True,True,True,sparse,0.01849989699985599,True,3.3520009310450405e-06,True,607,True,0,0,1.0,1.0,0.777287877001072,True,verified_none_complete,187047936,1,19393,run_00516.json,2,607,1.5953263789997436,2.3911175050016027,1,[]
601,29797,9800,,0,0.0,0,True,9,9,601,,True,curve,1.0,1.0,1.0,True,True,True,inverted,0.01948173900018446,True,0.04035543499958294,True,607,False,0,0,1.0,1.0,0.032548744000450824,True,ivf,187047936,2,,run_00517.json,2,607,0.08085265000045183,0.17323856800067006,1,[]
605,29790,9798,0,0,0.0,12280000,True,14,14,605,11529689,True,curve,1.0,1.0,1.0,True,True,True,sparse,0.017014908000419382,True,4.260000423528254e-06,True,614,True,0,0,1.0,1.0,0.7681384269999398,True,verified_none_complete,187047936,2,19386,run_00518.json,1,614,1.612308097001005,2.397465692001788,1,[]
954921,128268,1419251,,0,0.0,0,True,526,526,954921,,True,gaussian,1.0,1.0,1.0,True,True,True,inverted,1.6514600749997044,True,0.008907965000616969,True,6055,False,0,0,1.0,1.0,4.314621974999682,True,ckdtree,543711232,2,,run_00519.json,1,6055,4.775896746001308,10.750886761001311,1,[]
518336,105497,836791,,0,0.0,0,True,532,532,518336,,True,mixture,1.0,1.0,1.0,True,True,True,sparse,0.7474897580013931,True,0.002535693000027095,True,6264,False,0,0,1.0,1.0,35.01183913499881,True,brute_force,345186304,1,,run_00520.json,0,6264,42.12350842300111,77.88537300900134,1,[]
0,20000,0,0,0,0.06139488639058288,0,False,14,614,0,11529689,True,curve,0.0,1.0,0.0,False,False,True,sparse,0.013706183999602217,True,3.770999683183618e-06,True,614,False,9790,0,1.0,0.671366230278617,0.0,False,verified_none_partial,187047936,1,19386,run_00521.json,1,614,1.6358490620004886,1.649559016999774,1,[]
601,29797,9800,,0,0.0,0,True,9,9,601,,True,curve,1.0,1.0,1.0,True,True,True,sparse,0.019426471000770107,True,0.009193329999106936,True,607,False,0,0,1.0,1.0,0.04684617199927743,True,ckdtree,187047936,1,,run_00522.json,2,607,0.08835262899992813,0.1638186019990826,1,[]
605,29790,9798,29790,0,0.0,12280000,True,14,14,605,188191,True,curve,1.0,1.0,1.0,True,True,True,inverted,0.01934091299881402,True,0.4909884150001744,True,614,True,0,0,1.0,1.0,0.7665263279995997,True,verified_hnsw_complete,199581696,0,0,run_00523.json,1,614,0.2504286650000722,1.5272843209986604,1,[]
189473,58141,213007,,0,1.6059436053037643,0,False,526,6010,49,,False,gaussian,0.19841746071140964,1.0,0.19841746071140964,False,False,True,sparse,0.3083523609984695,True,0.03939694100154156,False,6055,False,70127,0,1.0,0.4532775127077681,0.2334621709997009,False,ivf,246583296,2,,run_00524.json,1,7155,0.7418325540002115,1.3230440269999235,1,[]
592,29557,9561,,0,0.0,0,True,17,17,592,,True,curve,1.0,1.0,1.0,True,True,True,inverted,0.021762619000583072,True,0.010644160000083502,True,605,False,0,0,1.0,1.0,0.08879241200156684,True,flat_batch,187047936,1,,run_00525.json,0,605,0.13141514799826837,0.2526143390005018,1,[]
518336,105497,836791,,0,0.0,0,True,532,532,518336,,True,mixture,1.0,1.0,1.0,True,True,True,sparse,0.737651752999227,True,0.04434155299895792,True,6264,False,0,0,1.0,1.0,1.0975298729990755,True,ball_tree,344985600,2,,run_00526.json,0,6264,1.951439575999757,3.8309627549970173,1,[]
601,29797,9800,29795,0,0.0,12140000,True,9,9,601,184511,True,curve,1.0,1.0,1.0,True,True,True,inverted,0.018957054999191314,True,0.5052865109992126,True,607,True,0,0,1.0,1.0,0.7698193809992517,True,verified_hnsw_complete,199970816,0,1,run_00527.json,2,607,0.2575186930007476,1.5515816399984033,1,[]
592,29557,9561,,0,0.0,0,True,17,17,592,,True,curve,1.0,1.0,1.0,True,True,True,sparse,0.01855218000127934,True,0.48628041700067115,True,605,False,0,0,1.0,1.0,0.1541646130008303,True,hnsw,187047936,2,,run_00528.json,0,605,0.18328517400004785,0.8422823840028286,1,[]
592,29557,9561,,0,0.0,0,True,17,17,592,,True,curve,1.0,1.0,1.0,True,True,True,sparse,0.01786067200009711,True,0.03800413700082572,True,605,False,0,0,1.0,1.0,0.03266490999885718,True,ivf,187047936,0,,run_00529.json,0,605,0.0812701830000151,0.1697999019997951,1,[]
0,20000,0,0,0,0.9079657673835753,0,False,438,5906,0,62286115,True,mixture,0.0,1.0,0.0,False,False,True,sparse,0.06530424099946686,True,3.3530013752169907e-06,True,5906,False,94134,0,1.0,0.1752326213047821,0.0,False,verified_none_partial,187047936,2,14094,run_00530.json,2,5906,38.44332387400027,38.50863146800111,1,[]
0,20000,0,0,0,0.07974993310323575,0,False,17,605,0,11253106,True,curve,0.0,1.0,0.0,False,False,True,sparse,0.01324563600064721,True,3.352999556227587e-06,True,605,False,9557,0,1.0,0.6766586595391955,0.0,False,verified_none_partial,187047936,2,19395,run_00531.json,0,605,1.567047829999865,1.5802968190000684,1,[]
605,29790,9798,29790,0,0.0,12280000,True,14,14,605,188191,True,curve,1.0,1.0,1.0,True,True,True,inverted,0.02036967599997297,True,0.5077353320011753,True,614,True,0,0,1.0,1.0,0.7659603749998496,True,verified_hnsw_complete,199892992,2,0,run_00532.json,1,614,0.25656308399993577,1.5506284670009336,1,[]
605,29790,9798,,0,0.0,0,True,14,14,605,,True,curve,1.0,1.0,1.0,True,True,True,inverted,0.02052737800113391,True,0.0023869960004958557,True,614,False,0,0,1.0,1.0,3.580537481000647,True,brute_force,187047936,0,,run_00533.json,1,614,3.6694744319993333,7.27292628700161,1,[]
168807,54021,185686,,0,1.9382469292197908,0,False,795,6795,80,,False,gaussian,0.20094660017927313,1.0,0.20094660017927313,False,False,True,sparse,0.2863246920005622,True,0.03949210699829564,False,6868,False,60497,0,1.0,0.4717249690005065,0.25371455200001947,False,ivf,239632384,2,,run_00534.json,2,8032,0.8133116959998006,1.392843046998678,1,[]
592,29557,9561,,0,0.0,0,True,17,17,592,,True,curve,1.0,1.0,1.0,True,True,True,inverted,0.018682984000406577,True,0.47848947499915084,True,605,False,0,0,1.0,1.0,0.14776105400051165,True,hnsw,190967808,0,,run_00535.json,0,605,0.17946596900037548,0.8243994820004446,1,[]
536603,114134,934543,,0,0.0,0,True,438,438,536603,,True,mixture,1.0,1.0,1.0,True,True,True,inverted,0.9465057439992961,True,0.009529331999146962,True,5906,False,0,0,1.0,1.0,0.926117847999194,True,flat_scalar,392835072,2,,run_00536.json,2,5906,1.1909171670013166,3.0730700909989537,1,[]
605,29790,9798,29790,0,0.0,0,True,14,14,605,188191,True,curve,1.0,1.0,1.0,True,True,True,inverted,0.020164055000350345,True,0.47975140000016836,True,614,False,0,0,1.0,1.0,0.0,True,verified_hnsw_partial,192577536,0,0,run_00537.json,1,614,0.25127875600082916,0.7511942110013479,1,[]
864223,112459,1192410,112095,0,0.7710670828819275,0,False,749,844,326900,23929736,True,gaussian,0.9885262177811025,1.0,0.9885262177811025,False,False,True,sparse,1.2030159990008542,True,1.3267003540004225,True,6747,False,2463,0,1.0,0.9785680722577053,0.0,False,verified_hnsw_partial,478605312,0,364,run_00538.json,0,6747,38.97854936400108,41.50826571700236,1,[]
840059,114518,1150593,,0,0.0,0,True,795,795,840059,,True,gaussian,1.0,1.0,1.0,True,True,True,inverted,1.4204019460012205,True,0.04527927300114243,True,6868,False,0,0,1.0,1.0,4.647073524000007,True,ball_tree,504037376,0,,run_00539.json,2,6868,6.059835214000486,12.172589957002856,1,[]
558534,112872,934006,,0,0.0,0,True,478,478,558534,,True,mixture,1.0,1.0,1.0,True,True,True,inverted,0.9596944109998731,True,0.009799546000067494,True,6090,False,0,0,1.0,1.0,0.8207885280007758,True,flat_batch,400084992,0,,run_00540.json,1,6090,1.217480090999743,3.0077625760004594,1,[]
874254,114922,1219045,,0,0.0,0,True,749,749,874254,,True,gaussian,1.0,1.0,1.0,True,True,True,sparse,1.1816903039998579,True,0.009938182000041706,True,6747,False,0,0,1.0,1.0,0.9006428430002416,True,flat_batch,475934720,2,,run_00541.json,0,6747,1.3052052309994906,3.3974765599996317,1,[]
605,29790,9798,29790,0,0.0,0,True,14,14,605,188191,True,curve,1.0,1.0,1.0,True,True,True,sparse,0.017812526999477996,True,0.4767963800004509,True,614,False,0,0,1.0,1.0,0.0,True,verified_hnsw_partial,192716800,1,0,run_00542.json,1,614,0.26890252599878295,0.7635114329987118,1,[]
605,29790,9798,,0,0.0,0,True,14,14,605,,True,curve,1.0,1.0,1.0,True,True,True,sparse,0.018015837000348256,True,0.04428763699979754,True,614,False,0,0,1.0,1.0,0.06686877299944172,True,ball_tree,187047936,0,,run_00543.json,1,614,0.1504640279999876,0.2796362749995751,1,[]
954921,128268,1419251,,0,0.0,0,True,526,526,954921,,True,gaussian,1.0,1.0,1.0,True,True,True,sparse,1.287312854999982,True,0.043180570000913576,True,6055,False,0,0,1.0,1.0,4.067305218000911,True,ball_tree,490639360,2,,run_00544.json,1,6055,5.334126533998642,10.731925177000448,1,[]
592,29557,9561,0,0,0.0,12100000,True,17,17,592,11253106,True,curve,1.0,1.0,1.0,True,True,True,inverted,0.018982028999744216,True,2.8630001907004043e-06,True,605,True,0,0,1.0,1.0,0.7968835889987531,True,verified_none_complete,187047936,1,19395,run_00545.json,0,605,1.524213274999056,2.340081755997744,1,[]
592,29557,9561,,0,0.0,0,True,17,17,592,,True,curve,1.0,1.0,1.0,True,True,True,inverted,0.02138648199979798,True,0.4727904990013485,True,605,False,0,0,1.0,1.0,0.16481186899909517,True,hnsw,190640128,1,,run_00546.json,0,605,0.1889783440001338,0.8479671940003755,1,[]
954921,128268,1419251,,0,0.0,0,True,526,526,954921,,True,gaussian,1.0,1.0,1.0,True,True,True,sparse,1.3053259900007106,True,0.009554255999319139,True,6055,False,0,0,1.0,1.0,0.95021682100014,True,flat_scalar,502915072,2,,run_00547.json,1,6055,1.161037858999407,3.426134925999577,1,[]
168807,54021,185686,,0,1.9382469292197908,0,False,795,6795,80,,False,gaussian,0.20094660017927313,1.0,0.20094660017927313,False,False,True,sparse,0.2835062789999938,True,0.04018985100083228,False,6868,False,60497,0,1.0,0.4717249690005065,0.25237403900064237,False,ivf,239738880,0,,run_00548.json,2,8032,0.8091234479998093,1.3851936170012777,1,[]
536603,114134,934543,,0,0.0,0,True,438,438,536603,,True,mixture,1.0,1.0,1.0,True,True,True,inverted,0.9463606049994269,True,0.04294274300082179,True,5906,False,0,0,1.0,1.0,1.0326061300002038,True,ball_tree,380764160,2,,run_00549.json,2,5906,1.874595605999275,3.8965050839997275,1,[]
605,29790,9798,,0,0.0,0,True,14,14,605,,True,curve,1.0,1.0,1.0,True,True,True,inverted,0.019184076998499222,True,0.044962013998883776,True,614,False,0,0,1.0,1.0,0.06830364999950689,True,ball_tree,187047936,0,,run_00550.json,1,614,0.1509279259989853,0.2833776669958752,1,[]
536044,113678,931676,,0,0.08816880484422052,0,False,438,448,454709,,False,mixture,0.9989582615080422,1.0,0.9989582615080422,False,False,True,inverted,0.9370602460003283,True,1.0506376800003636,False,5906,False,456,0,1.0,0.9960046962342509,4.930920144999618,False,hnsw,398032896,0,,run_00551.json,2,5955,12.94330081299995,19.86191888400026,1,[]
592,29557,9561,,0,0.0,0,True,17,17,592,,True,curve,1.0,1.0,1.0,True,True,True,sparse,0.019398281001485884,True,0.009404441998412949,True,605,False,0,0,1.0,1.0,0.09893531799934863,True,flat_scalar,187047936,1,,run_00552.json,0,605,0.12877330999981496,0.2565113509990624,1,[]
605,29790,9798,,0,0.0,0,True,14,14,605,,True,curve,1.0,1.0,1.0,True,True,True,sparse,0.020827109001402277,True,0.008855972000674228,True,614,False,0,0,1.0,1.0,0.047278320000259555,True,ckdtree,187047936,2,,run_00553.json,1,614,0.08689503599998716,0.16385643700232322,1,[]
605,29790,9798,,0,0.0,0,True,14,14,605,,True,curve,1.0,1.0,1.0,True,True,True,inverted,0.019796450000285404,True,0.00925414199991792,True,614,False,0,0,1.0,1.0,0.10834562499985623,True,flat_scalar,187047936,1,,run_00554.json,1,614,0.13393980399996508,0.27133602100002463,1,[]
168807,54021,185686,,0,1.9382469292197908,0,False,795,6795,80,,False,gaussian,0.20094660017927313,1.0,0.20094660017927313,False,False,True,inverted,0.30230726700028754,True,0.03900469099971815,False,6868,False,60497,0,1.0,0.4717249690005065,0.2534854389996326,False,ivf,251064320,2,,run_00555.json,2,8032,0.8103232619996561,1.4051206589992944,1,[]
874254,114922,1219045,,0,0.0,0,True,749,749,874254,,True,gaussian,1.0,1.0,1.0,True,True,True,sparse,1.1691157019995444,True,0.012421757000993239,True,6747,False,0,0,1.0,1.0,10.745352728999933,True,ckdtree_inflated,463732736,0,,run_00556.json,0,6747,11.6124405999999,23.53933078800037,1,[]
558534,112872,934006,,0,0.0,0,True,478,478,558534,,True,mixture,1.0,1.0,1.0,True,True,True,sparse,0.7766906630004087,True,0.04391925799973251,True,6090,False,0,0,1.0,1.0,1.0543551560003834,True,ball_tree,359288832,2,,run_00557.json,1,6090,1.9340022830001544,3.808967360000679,1,[]
592,29557,9561,,0,0.0,0,True,17,17,592,,True,curve,1.0,1.0,1.0,True,True,True,sparse,0.017405892000169843,True,0.4783023439995304,True,605,False,0,0,1.0,1.0,0.15201411999987613,True,hnsw,187047936,0,,run_00558.json,0,605,0.1772773100001359,0.8249996659997123,1,[]
874254,114922,1219045,,0,0.0,0,True,749,749,874254,,True,gaussian,1.0,1.0,1.0,True,True,True,sparse,1.1787960859983286,True,0.0036061530008737464,True,6747,False,0,0,1.0,1.0,37.15134897600001,True,brute_force,463654912,0,,run_00559.json,0,6747,44.20022000899917,82.53397122399838,1,[]
605,29790,9798,,0,0.0,0,True,14,14,605,,True,curve,1.0,1.0,1.0,True,True,True,inverted,0.022264098000960075,True,0.49998661300014646,True,614,False,0,0,1.0,1.0,0.1525032489989826,True,hnsw,190091264,0,,run_00560.json,1,614,0.18451575499966566,0.8592697149997548,1,[]
518336,105497,836791,0,0,0.0,125280000,True,532,532,518336,64776440,True,mixture,1.0,1.0,1.0,True,True,True,sparse,0.7461153029998968,True,3.701999958138913e-06,True,6264,True,0,0,1.0,1.0,7.799262862001342,True,verified_none_complete,336359424,2,13736,run_00561.json,0,6264,37.89045237999926,46.43583424700046,1,[]
536603,114134,934543,,0,0.0,0,True,438,438,536603,,True,mixture,1.0,1.0,1.0,True,True,True,inverted,0.9593754590005119,True,0.008685482000146294,True,5906,False,0,0,1.0,1.0,1.1828024740007095,True,ckdtree,380653568,2,,run_00562.json,2,5906,1.510571978000371,3.6614353930017387,1,[]
517872,105244,835017,105169,0,0.12529019142190614,0,False,532,538,463519,19834732,True,mixture,0.9991048277565131,1.0,0.9991048277565131,False,False,True,sparse,0.7385391040006652,True,1.0406827649985644,True,6264,False,253,0,1.0,0.9976018275401196,0.0,False,verified_hnsw_partial,362610688,1,75,run_00563.json,0,6264,25.175966729999345,26.955188598998575,1,[]
830542,112442,1128697,112112,0,0.8076214790344238,0,False,795,867,319560,24668095,True,gaussian,0.9886710338202436,1.0,0.9886710338202436,False,False,True,sparse,1.1322323200001847,True,1.3138375200014707,True,6868,False,2076,0,1.0,0.9818718454740739,0.0,False,verified_hnsw_partial,467730432,0,330,run_00564.json,2,6868,40.10951745099919,42.55558729100085,1,[]
558534,112872,934006,,0,0.0,0,True,478,478,558534,,True,mixture,1.0,1.0,1.0,True,True,True,sparse,0.7850998559988511,True,0.04322227299962833,True,6090,False,0,0,1.0,1.0,1.081966857000225,True,ball_tree,358244352,0,,run_00565.json,1,6090,1.947920343000078,3.8582093289987824,1,[]
605,29790,9798,,0,0.0,0,True,14,14,605,,True,curve,1.0,1.0,1.0,True,True,True,inverted,0.019680143999721622,True,0.009861268999884487,True,614,False,0,0,1.0,1.0,0.106556869999622,True,flat_scalar,187047936,0,,run_00566.json,1,614,0.12654187500083935,0.26264015800006746,1,[]
840059,114518,1150593,,0,0.0,0,True,795,795,840059,,True,gaussian,1.0,1.0,1.0,True,True,True,sparse,1.1374531910005317,True,0.04377472199848853,True,6868,False,0,0,1.0,1.0,4.481854089999615,True,ball_tree,452132864,2,,run_00567.json,2,6868,5.7411530329991365,11.404235035997772,1,[]
592,29557,9561,,0,0.0,0,True,17,17,592,,True,curve,1.0,1.0,1.0,True,True,True,sparse,0.01758635099940875,True,0.011171574000400142,True,605,False,0,0,1.0,1.0,0.04353816499860841,True,ckdtree,187047936,2,,run_00568.json,0,605,0.08614540499911527,0.15844149499753257,1,[]
954921,128268,1419251,,0,0.0,0,True,526,526,954921,,True,gaussian,1.0,1.0,1.0,True,True,True,sparse,1.3518099199991411,True,0.009869441000773804,True,6055,False,0,0,1.0,1.0,0.8326118950008095,True,flat_batch,502738944,1,,run_00569.json,1,6055,1.1854741220013238,3.3797653780020482,1,[]
381356,92254,598855,,0,0.5024868249893188,0,False,438,3812,151450,,False,mixture,0.7106855533793139,1.0,0.7106855533793139,False,False,True,sparse,0.5456211830005486,True,0.03913630200077023,False,5906,False,21880,0,1.0,0.8082955122925684,0.25152240699935646,False,ivf,311582720,2,,run_00570.json,2,6150,0.6675863020009274,1.5038661940016027,1,[]
601,29797,9800,,0,0.0,0,True,9,9,601,,True,curve,1.0,1.0,1.0,True,True,True,inverted,0.020527325999864843,True,0.043201663000218105,True,607,False,0,0,1.0,1.0,0.08308192199910991,True,ball_tree,187047936,1,,run_00571.json,2,607,0.17276740200031782,0.31957831299951067,1,[]
954921,128268,1419251,,0,0.0,0,True,526,526,954921,,True,gaussian,1.0,1.0,1.0,True,True,True,inverted,1.6324872759996651,True,0.0020104720006202115,True,6055,False,0,0,1.0,1.0,34.50502130200039,True,brute_force,543465472,0,,run_00572.json,1,6055,34.52288548800061,70.66240453800128,1,[]
601,29795,9799,,0,0.00037007307853165194,0,True,9,9,601,,False,curve,1.0,1.0,1.0,False,False,True,sparse,0.018090605999532272,True,0.49246382400087896,False,607,False,2,0,1.0,0.9999328791489076,0.14864131000103953,False,hnsw,187047936,2,,run_00573.json,2,608,0.18014059599954635,0.8393363360009971,1,[]
840059,114518,1150593,,0,0.0,0,True,795,795,840059,,True,gaussian,1.0,1.0,1.0,True,True,True,sparse,1.1477687320002588,True,0.010133998999663163,True,6868,False,0,0,1.0,1.0,1.0861619000006613,True,flat_scalar,464412672,0,,run_00574.json,2,6868,1.3590493499996228,3.603113981000206,1,[]
518336,105497,836791,0,0,0.0,125280000,True,532,532,518336,64776440,True,mixture,1.0,1.0,1.0,True,True,True,sparse,0.7129983729992091,True,3.772000127355568e-06,True,6264,True,0,0,1.0,1.0,7.944918506000249,True,verified_none_complete,336461824,1,13736,run_00575.json,0,6264,39.195030811000834,47.85295146200042,1,[]
874254,114922,1219045,112095,0,0.0,134940000,True,749,749,874254,23929736,True,gaussian,1.0,1.0,1.0,True,True,True,sparse,1.1576467430004413,True,1.3551966720006021,True,6747,True,0,0,1.0,1.0,8.662785399001223,True,verified_hnsw_complete,482209792,2,364,run_00576.json,0,6747,37.08688724000058,48.262516054002845,1,[]
601,29797,9800,,0,0.0,0,True,9,9,601,,True,curve,1.0,1.0,1.0,True,True,True,inverted,0.019425143000262324,True,0.00848489000054542,True,607,False,0,0,1.0,1.0,0.044199063999258215,True,ckdtree,187047936,2,,run_00577.json,2,607,0.08876689300086582,0.16087599000093178,1,[]
536603,114134,934543,,0,0.0,0,True,438,438,536603,,True,mixture,1.0,1.0,1.0,True,True,True,inverted,0.9243834459994105,True,0.010096354000779684,True,5906,False,0,0,1.0,1.0,2.680801185000746,True,ckdtree_inflated,380743680,0,,run_00578.json,2,5906,3.097601510999084,6.71288249600002,1,[]
592,29557,9561,,0,0.0,0,True,17,17,592,,True,curve,1.0,1.0,1.0,True,True,True,sparse,0.01764591999926779,True,0.04304073399907793,True,605,False,0,0,1.0,1.0,0.07125625600019703,True,ball_tree,187047936,1,,run_00579.json,0,605,0.15811911600030726,0.29006202599885,1,[]
536044,113678,931676,,0,0.08816880484422052,0,False,438,448,454709,,False,mixture,0.9989582615080422,1.0,0.9989582615080422,False,False,True,sparse,0.757299253000383,True,1.051450188000672,False,5906,False,456,0,1.0,0.9960046962342509,4.839486181001121,False,hnsw,368865280,0,,run_00580.json,2,5955,12.92043950200059,19.568675124002766,1,[]
592,29557,9561,29557,0,0.0,0,True,17,17,592,182710,True,curve,1.0,1.0,1.0,True,True,True,inverted,0.01869906499996432,True,0.5275565100000676,True,605,False,0,0,1.0,1.0,0.0,True,verified_hnsw_partial,192843776,1,0,run_00581.json,0,605,0.2508505099995091,0.797106084999541,1,[]
558534,112872,934006,112504,0,0.0,121800000,True,478,478,558534,18756376,True,mixture,1.0,1.0,1.0,True,True,True,inverted,0.9571426820002671,True,1.0510107810005138,True,6090,True,0,0,1.0,1.0,7.830715220999991,True,verified_hnsw_complete,408924160,2,75,run_00582.json,1,6090,22.63457132500116,32.47344000900193,1,[]
558534,112872,934006,,0,0.0,0,True,478,478,558534,,True,mixture,1.0,1.0,1.0,True,True,True,sparse,0.7711610269998346,True,0.011517986000399105,True,6090,False,0,0,1.0,1.0,0.8213458919999539,True,flat_batch,371408896,1,,run_00583.json,1,6090,1.171537559999706,2.7755624649998936,1,[]
536603,114134,934543,0,0,0.0,118120000,True,438,438,536603,62286115,True,mixture,1.0,1.0,1.0,True,True,True,sparse,0.7654926229988632,True,2.8640006348723546e-06,True,5906,True,0,0,1.0,1.0,7.280363109999598,True,verified_none_complete,342568960,0,14094,run_00584.json,2,5906,38.12938893399951,46.175247530998604,1,[]
558534,112872,934006,0,0,0.0,121800000,True,478,478,558534,63642275,True,mixture,1.0,1.0,1.0,True,True,True,sparse,0.7914281920002395,True,3.7710015021730214e-06,True,6090,True,0,0,1.0,1.0,7.9318349010009115,True,verified_none_complete,350519296,2,13910,run_00585.json,1,6090,38.38682154900016,47.11008841300281,1,[]
954921,128268,1419251,0,0,0.0,121100000,True,526,526,954921,63227724,True,gaussian,1.0,1.0,1.0,True,True,True,sparse,1.268557597999461,True,4.749999789055437e-06,True,6055,True,0,0,1.0,1.0,7.624179202999585,True,verified_none_complete,482676736,2,13945,run_00586.json,1,6055,37.7589691560006,46.65171070699944,1,[]
558032,112504,931848,,0,0.07835624615351366,0,False,478,481,485901,,False,mixture,0.9991012185471252,1.0,0.9991012185471252,False,False,True,inverted,0.9471248379995814,True,1.0449553189992002,False,6090,False,368,0,1.0,0.9967396697143667,4.953012197000135,False,hnsw,405282816,0,,run_00587.json,1,6155,13.070986394999636,20.016078748998552,1,[]
605,29790,9798,29790,0,0.0,12280000,True,14,14,605,188191,True,curve,1.0,1.0,1.0,True,True,True,sparse,0.01797612799964554,True,0.4841342859999713,True,614,True,0,0,1.0,1.0,0.7340728939998371,True,verified_hnsw_complete,195346432,2,0,run_00588.json,1,614,0.24572134300069592,1.48190465100015,1,[]
954921,128268,1419251,,0,0.0,0,True,526,526,954921,,True,gaussian,1.0,1.0,1.0,True,True,True,sparse,1.268673423999644,True,0.04350230999989435,True,6055,False,0,0,1.0,1.0,4.044913240999449,True,ball_tree,490778624,1,,run_00589.json,1,6055,5.0897086130007665,10.446797587999754,1,[]
343009,83358,474831,,0,0.474259568999211,0,False,532,4714,3812,,False,mixture,0.6617502932460798,1.0,0.6617502932460798,False,False,True,sparse,0.5007077009995555,True,0.03819774499970663,False,6264,False,22139,0,1.0,0.7901456913466733,0.25932333699893206,False,ivf,299413504,2,,run_00590.json,0,6520,0.705343191000793,1.5035719739989872,1,[]
536603,114134,934543,113678,0,0.0,118120000,True,438,438,536603,17724107,True,mixture,1.0,1.0,1.0,True,True,True,inverted,0.9243290190006519,True,1.046493758998622,True,5906,True,0,0,1.0,1.0,7.294271183000092,True,verified_hnsw_complete,401666048,1,91,run_00591.json,2,5906,21.91290822100018,31.178002181999545,1,[]
592,29557,9561,,0,0.0,0,True,17,17,592,,True,curve,1.0,1.0,1.0,True,True,True,inverted,0.01978615200096101,True,0.0028830060000473168,True,605,False,0,0,1.0,1.0,3.205322611000156,True,brute_force,187047936,1,,run_00592.json,0,605,3.358543117999943,6.586534887001108,1,[]
518336,105497,836791,0,0,0.0,125280000,True,532,532,518336,64776440,True,mixture,1.0,1.0,1.0,True,True,True,inverted,0.9232172900010482,True,3.7010013329563662e-06,True,6264,True,0,0,1.0,1.0,8.222090552000736,True,verified_none_complete,364863488,0,13736,run_00593.json,0,6264,40.641121615000884,49.786433158004,1,[]
605,29790,9798,,0,0.0,0,True,14,14,605,,True,curve,1.0,1.0,1.0,True,True,True,sparse,0.018032659998425515,True,0.046473589001834625,True,614,False,0,0,1.0,1.0,0.06645971599937184,True,ball_tree,187047936,2,,run_00594.json,1,614,0.1492827389993181,0.2802487039989501,1,[]
518336,105497,836791,,0,0.0,0,True,532,532,518336,,True,mixture,1.0,1.0,1.0,True,True,True,inverted,0.9152480560005642,True,0.010270195001794491,True,6264,False,0,0,1.0,1.0,1.2473298509976303,True,ckdtree,373624832,1,,run_00595.json,0,6264,1.676833629997418,3.849681731997407,1,[]
840059,114518,1150593,,0,0.0,0,True,795,795,840059,,True,gaussian,1.0,1.0,1.0,True,True,True,inverted,1.42368375499791,True,0.010573378000117373,True,6868,False,0,0,1.0,1.0,0.9224733640003251,True,flat_batch,515923968,0,,run_00596.json,2,6868,1.3657268520000798,3.7224573489984323,1,[]
864223,112459,1192410,112095,0,0.7710670828819275,0,False,749,844,326900,23929736,True,gaussian,0.9885262177811025,1.0,0.9885262177811025,False,False,True,sparse,1.1858820609995746,True,1.3301910899972427,True,6747,False,2463,0,1.0,0.9785680722577053,0.0,False,verified_hnsw_partial,478502912,2,364,run_00597.json,0,6747,38.46948278199852,40.98555593299534,1,[]
864139,112095,1192190,,0,0.7710670828819275,0,False,749,868,301708,,False,gaussian,0.9884301358644055,1.0,0.9884301358644055,False,False,True,sparse,1.1862429179964238,True,1.3368981450003048,False,6747,False,2827,0,1.0,0.9754007065661927,23.409649724999326,False,hnsw,478232576,1,,run_00598.json,0,6990,24.164675234998867,50.09746602299492,1,[]
558534,112872,934006,,0,0.0,0,True,478,478,558534,,True,mixture,1.0,1.0,1.0,True,True,True,inverted,0.9941612420007004,True,0.0029836329995305277,True,6090,False,0,0,1.0,1.0,32.01598430100057,True,brute_force,387395584,0,,run_00599.json,1,6090,36.55434379000144,69.56747296600224,1,[]
536603,114134,934543,,0,0.0,0,True,438,438,536603,,True,mixture,1.0,1.0,1.0,True,True,True,sparse,0.7947030729992548,True,0.04567099600171787,True,5906,False,0,0,1.0,1.0,1.1888422359988908,True,ball_tree,351436800,0,,run_00600.json,2,5906,1.8679484050007886,3.897164710000652,1,[]
601,29795,9799,,0,0.00037007307853165194,0,True,9,9,601,,False,curve,1.0,1.0,1.0,False,False,True,inverted,0.02052255300077377,True,0.49031703899891,False,607,False,2,0,1.0,0.9999328791489076,0.1504960040001606,False,hnsw,190877696,1,,run_00601.json,2,608,0.18055173399989144,0.8418873299997358,1,[]
592,29557,9561,29557,0,0.0,0,True,17,17,592,182710,True,curve,1.0,1.0,1.0,True,True,True,sparse,0.0172918190000928,True,0.4974893639991933,True,605,False,0,0,1.0,1.0,0.0,True,verified_hnsw_partial,192835584,2,0,run_00602.json,0,605,0.24989668800117215,0.7646778710004583,1,[]
954921,128268,1419251,,0,0.0,0,True,526,526,954921,,True,gaussian,1.0,1.0,1.0,True,True,True,inverted,1.6211622709997755,True,0.0025102489998971578,True,6055,False,0,0,1.0,1.0,40.230679493000935,True,brute_force,543559680,2,,run_00603.json,1,6055,36.522275960000115,78.37662797300072,1,[]
171881,53884,189395,,0,1.8266571499407291,0,False,749,6670,83,,False,gaussian,0.19660304671182516,1.0,0.19660304671182516,False,False,True,sparse,0.2959090299991658,True,0.03864585899646045,False,6747,False,61038,0,1.0,0.46887454099302134,0.25523559499924886,False,ivf,240549888,1,,run_00604.json,0,7863,0.8305499879970739,1.420340471991949,1,[]
840059,114518,1150593,0,0,0.0,137360000,True,795,795,840059,68123509,True,gaussian,1.0,1.0,1.0,True,True,True,sparse,1.1214915759992437,True,4.819001333089545e-06,True,6868,True,0,0,1.0,1.0,8.769755091998377,True,verified_none_complete,443850752,1,13132,run_00605.json,2,6868,40.75230697799998,50.64355846499893,1,[]
601,29797,9800,,0,0.0,0,True,9,9,601,,True,curve,1.0,1.0,1.0,True,True,True,inverted,0.020887776001472957,True,0.0034387970008538105,True,607,False,0,0,1.0,1.0,3.9703021880013694,True,brute_force,187047936,0,,run_00606.json,2,607,3.979762186001608,7.974390947005304,1,[]
940504,124630,1380528,,0,0.7075763940811157,0,False,526,701,233012,,False,gaussian,0.9849024160113768,1.0,0.9849024160113768,False,False,True,sparse,1.2753101250018517,True,1.332123699998192,False,6055,False,3638,0,1.0,0.9716375089656033,22.036316764999356,False,hnsw,503328768,2,,run_00607.json,1,6301,23.32730914700005,47.97105973699945,1,[]
536603,114134,934543,,0,0.0,0,True,438,438,536603,,True,mixture,1.0,1.0,1.0,True,True,True,inverted,0.9291472149998299,True,0.012566207002237206,True,5906,False,0,0,1.0,1.0,1.1266080719979072,True,ckdtree,380682240,1,,run_00608.json,2,5906,1.5078658049969818,3.576187298996956,1,[]
558039,112579,931884,112504,0,0.07835624615351366,0,False,478,481,499040,18756376,True,mixture,0.999113751356229,1.0,0.999113751356229,False,False,True,inverted,0.9496570670016808,True,1.0843976590003876,True,6090,False,293,0,1.0,0.9974041392019278,0.0,False,verified_hnsw_partial,408322048,2,75,run_00609.json,1,6090,23.276921597000182,25.31097632300225,1,[]
0,20000,0,0,0,2.8728722544277416,0,False,795,6868,0,68123509,True,gaussian,0.0,1.0,0.0,False,False,True,sparse,0.06951421399935498,True,4.260000423528254e-06,True,6868,False,94518,0,1.0,0.1746450339684591,0.0,False,verified_none_partial,187047936,1,13132,run_00610.json,2,6868,40.31596909500149,40.38548756900127,1,[]
601,29797,9800,,0,0.0,0,True,9,9,601,,True,curve,1.0,1.0,1.0,True,True,True,sparse,0.017852045999461552,True,0.04374141500011319,True,607,False,0,0,1.0,1.0,0.08469921500000055,True,ball_tree,187047936,1,,run_00611.json,2,607,0.17218113700073445,0.31847381300030975,1,[]
0,20000,0,0,0,0.07521863737884832,0,False,9,607,0,11324420,True,curve,0.0,1.0,0.0,False,False,True,sparse,0.013523252997401869,True,3.2819989428389817e-06,True,607,False,9797,0,1.0,0.6712085109239185,0.0,False,verified_none_partial,187047936,1,19393,run_00612.json,2,607,1.517729937000695,1.5312564719970396,1,[]
874254,114922,1219045,,0,0.0,0,True,749,749,874254,,True,gaussian,1.0,1.0,1.0,True,True,True,inverted,1.4522734220008715,True,0.011351313998602564,True,6747,False,0,0,1.0,1.0,11.212153822998516,True,ckdtree_inflated,515256320,0,,run_00613.json,0,6747,11.637925418999657,24.313703977997648,1,[]
592,29557,9561,,0,0.0,0,True,17,17,592,,True,curve,1.0,1.0,1.0,True,True,True,sparse,0.016902411000046413,True,0.011300610000034794,True,605,False,0,0,1.0,1.0,0.10126597799899173,True,flat_scalar,187047936,2,,run_00614.json,0,605,0.13110336500176345,0.2605723640008364,1,[]
601,29797,9800,,0,0.0,0,True,9,9,601,,True,curve,1.0,1.0,1.0,True,True,True,inverted,0.02075439499822096,True,0.0018932019993371796,True,607,False,0,0,1.0,1.0,3.429832862002513,True,brute_force,187047936,2,,run_00615.json,2,607,3.517100629000197,6.969581088000268,1,[]
373603,88810,529493,,0,0.6199873238801956,0,False,478,4680,3181,,False,mixture,0.6688992970884494,1.0,0.6688992970884494,False,False,True,sparse,0.5441506960014522,True,0.04000286100199446,False,6090,False,24062,0,1.0,0.7868204692040541,0.24131866600146168,False,ivf,308871168,0,,run_00616.json,1,6332,0.6696232789981877,1.495095502003096,1,[]
601,29797,9800,,0,0.0,0,True,9,9,601,,True,curve,1.0,1.0,1.0,True,True,True,sparse,0.018586645997856976,True,0.0019538250016921666,True,607,False,0,0,1.0,1.0,3.400461985998845,True,brute_force,187047936,0,,run_00617.json,2,607,3.571804258001066,6.99280671499946,1,[]
189473,58141,213007,,0,1.6059436053037643,0,False,526,6010,49,,False,gaussian,0.19841746071140964,1.0,0.19841746071140964,False,False,True,inverted,0.33664154800135293,True,0.04087839899875689,False,6055,False,70127,0,1.0,0.4532775127077681,0.24130736500228522,False,ivf,262959104,2,,run_00618.json,1,7155,0.7624016360023234,1.3812289480047184,1,[]
0,20000,0,0,0,2.8728722544277416,0,False,795,6868,0,68123509,True,gaussian,0.0,1.0,0.0,False,False,True,inverted,0.019764530999964336,True,3.421999281272292e-06,True,6868,False,94518,0,1.0,0.1746450339684591,0.0,False,verified_none_partial,187047936,1,13132,run_00619.json,2,6868,39.76176410699918,39.781532059998426,1,[]
592,29557,9561,,0,0.0,0,True,17,17,592,,True,curve,1.0,1.0,1.0,True,True,True,inverted,0.022503377000248292,True,0.012633962000109022,True,605,False,0,0,1.0,1.0,0.06169237999711186,True,ckdtree_inflated,187047936,0,,run_00620.json,0,605,0.10159565399953863,0.1984253729970078,1,[]
605,29790,9798,,0,0.0,0,True,14,14,605,,True,curve,1.0,1.0,1.0,True,True,True,sparse,0.018702727000345476,True,0.011390917999960948,True,614,False,0,0,1.0,1.0,0.08982312000080128,True,flat_batch,187047936,1,,run_00621.json,1,614,0.12991559700094513,0.24983236200205283,1,[]
558534,112872,934006,,0,0.0,0,True,478,478,558534,,True,mixture,1.0,1.0,1.0,True,True,True,inverted,0.9637018270004774,True,0.010565388998657,True,6090,False,0,0,1.0,1.0,0.8347540949980612,True,flat_batch,400023552,1,,run_00622.json,1,6090,1.204243760999816,3.0132650719970115,1,[]
343009,83358,474831,,0,0.474259568999211,0,False,532,4714,3812,,False,mixture,0.6617502932460798,1.0,0.6617502932460798,False,False,True,inverted,0.6255782709995401,True,0.038875065998581704,False,6264,False,22139,0,1.0,0.7901456913466733,0.3061914239988255,False,ivf,317087744,2,,run_00623.json,0,6520,0.7182728009975108,1.688917561994458,1,[]
558039,112579,931884,112504,0,0.07835624615351366,0,False,478,481,499040,18756376,True,mixture,0.999113751356229,1.0,0.999113751356229,False,False,True,sparse,0.7690757909986132,True,1.3996060299978126,True,6090,False,293,0,1.0,0.9974041392019278,0.0,False,verified_hnsw_partial,376942592,0,75,run_00624.json,1,6090,26.903860247999546,29.072542068995972,1,[]
840059,114518,1150593,112112,0,0.0,137360000,True,795,795,840059,24668095,True,gaussian,1.0,1.0,1.0,True,True,True,inverted,1.290943990003143,True,1.3211546540005656,True,6868,True,0,0,1.0,1.0,9.04684589200042,True,verified_hnsw_complete,524615680,2,330,run_00625.json,2,6868,37.33165164800084,48.99059618400497,1,[]
954921,128268,1419251,,0,0.0,0,True,526,526,954921,,True,gaussian,1.0,1.0,1.0,True,True,True,sparse,1.1834712800009584,True,0.0020463649998418987,True,6055,False,0,0,1.0,1.0,31.70490201800203,True,brute_force,490688512,1,,run_00626.json,1,6055,32.40627969200068,65.29669935500351,1,[]
518336,105497,836791,,0,0.0,0,True,532,532,518336,,True,mixture,1.0,1.0,1.0,True,True,True,sparse,0.7423897929984378,True,0.010054988000774756,True,6264,False,0,0,1.0,1.0,0.8210643759994127,True,flat_batch,357310464,1,,run_00627.json,0,6264,1.1590550340006303,2.7325641909992555,1,[]
0,20000,0,0,0,1.0238800203358687,0,False,532,6264,0,64776440,True,mixture,0.0,1.0,0.0,False,False,True,inverted,0.017182347997731995,True,3.910998202627525e-06,True,6264,False,85497,0,1.0,0.1895788505834289,0.0,False,verified_none_partial,187047936,1,13736,run_00628.json,0,6264,35.46971304000181,35.48689929899774,1,[]
592,29557,9561,,0,0.0,0,True,17,17,592,,True,curve,1.0,1.0,1.0,True,True,True,inverted,0.019633028001408093,True,0.03669224499753909,True,605,False,0,0,1.0,1.0,0.030375192000065,True,ivf,187047936,1,,run_00629.json,0,605,0.07673752800110378,0.16343799300011597,1,[]
0,20000,0,0,0,1.0238800203358687,0,False,532,6264,0,64776440,True,mixture,0.0,1.0,0.0,False,False,True,inverted,0.017506414998933906,True,2.9329967219382524e-06,True,6264,False,85497,0,1.0,0.1895788505834289,0.0,False,verified_none_partial,187047936,2,13736,run_00630.json,0,6264,35.87611313199886,35.89362247999452,1,[]
830542,112442,1128697,112112,0,0.8076214790344238,0,False,795,867,319560,24668095,True,gaussian,0.9886710338202436,1.0,0.9886710338202436,False,False,True,inverted,1.3417966089982656,True,1.2312948949984275,True,6868,False,2076,0,1.0,0.9818718454740739,0.0,False,verified_hnsw_partial,520556544,2,330,run_00631.json,2,6868,36.997782115999144,39.57087361999584,1,[]
601,29797,9800,,0,0.0,0,True,9,9,601,,True,curve,1.0,1.0,1.0,True,True,True,sparse,0.01684264000141411,True,0.002000410000619013,True,607,False,0,0,1.0,1.0,3.4197073729992553,True,brute_force,187047936,2,,run_00632.json,2,607,3.5329968339974585,6.971547256998747,1,[]
592,29557,9561,,0,0.0,0,True,17,17,592,,True,curve,1.0,1.0,1.0,True,True,True,inverted,0.018692330999328988,True,0.039949882000655634,True,605,False,0,0,1.0,1.0,0.0651120130023628,True,ball_tree,187047936,0,,run_00633.json,0,605,0.14195054000083474,0.26570476600318216,1,[]
874254,114922,1219045,,0,0.0,0,True,749,749,874254,,True,gaussian,1.0,1.0,1.0,True,True,True,sparse,1.0659681629986153,True,0.002951656002551317,True,6747,False,0,0,1.0,1.0,31.97858904900204,True,brute_force,464146432,2,,run_00634.json,0,6747,33.31677211600254,66.36428098400575,1,[]
592,29557,9561,29557,0,0.0,12100000,True,17,17,592,182710,True,curve,1.0,1.0,1.0,True,True,True,inverted,0.020348981001006905,True,0.45147907299906365,True,605,True,0,0,1.0,1.0,0.7254756260008435,True,verified_hnsw_complete,200134656,2,0,run_00635.json,0,605,0.2355324109994399,1.432836091000354,1,[]
518336,105497,836791,,0,0.0,0,True,532,532,518336,,True,mixture,1.0,1.0,1.0,True,True,True,sparse,0.6636709020021954,True,0.008808802998828469,True,6264,False,0,0,1.0,1.0,1.18698720500106,True,ckdtree,344961024,2,,run_00636.json,0,6264,1.5752277690007759,3.4346946790028596,1,[]
830440,112112,1128489,,0,0.8076214790344238,0,False,795,904,289289,,False,gaussian,0.9885496137771276,1.0,0.9885496137771276,False,False,True,inverted,1.2296792769993772,True,1.2322643609986699,False,6868,False,2406,0,1.0,0.9789902024135944,20.250677864001773,False,hnsw,518180864,2,,run_00637.json,2,7061,22.23120792100235,44.94382942300217,1,[]
874254,114922,1219045,112095,0,0.0,134940000,True,749,749,874254,23929736,True,gaussian,1.0,1.0,1.0,True,True,True,sparse,1.06346493700039,True,1.2084033700011787,True,6747,True,0,0,1.0,1.0,8.28559813800166,True,verified_hnsw_complete,482168832,0,364,run_00638.json,0,6747,34.041108794997854,44.59857524000108,1,[]
0,20000,0,0,0,0.9079657673835753,0,False,438,5906,0,62286115,True,mixture,0.0,1.0,0.0,False,False,True,inverted,0.017501041998912115,True,3.3530013752169907e-06,True,5906,False,94134,0,1.0,0.1752326213047821,0.0,False,verified_none_partial,187047936,2,14094,run_00639.json,2,5906,35.81161673099996,35.829121126000246,1,[]
840059,114518,1150593,,0,0.0,0,True,795,795,840059,,True,gaussian,1.0,1.0,1.0,True,True,True,sparse,1.05287424099879,True,0.01133072399898083,True,6868,False,0,0,1.0,1.0,10.452693606999674,True,ckdtree_inflated,452685824,2,,run_00640.json,2,6868,10.880791579002107,22.39769015099955,1,[]
605,29790,9798,,0,0.0,0,True,14,14,605,,True,curve,1.0,1.0,1.0,True,True,True,inverted,0.020217960998706985,True,0.011322761998599162,True,614,False,0,0,1.0,1.0,0.08957330100020044,True,flat_batch,187047936,1,,run_00641.json,1,614,0.1285097180007142,0.2496237419982208,1,[]
954921,128268,1419251,0,0,0.0,121100000,True,526,526,954921,63227724,True,gaussian,1.0,1.0,1.0,True,True,True,sparse,1.1695248510004603,True,2.864002453861758e-06,True,6055,True,0,0,1.0,1.0,7.921919861000788,True,verified_none_complete,482627584,1,13945,run_00642.json,1,6055,37.06488083499789,46.156328411001596,1,[]
592,29557,9561,,0,0.0,0,True,17,17,592,,True,curve,1.0,1.0,1.0,True,True,True,inverted,0.018693313999392558,True,0.010167927001020871,True,605,False,0,0,1.0,1.0,0.08421810899744742,True,flat_batch,187047936,2,,run_00643.json,0,605,0.1254453400033526,0.23852469000121346,1,[]
558534,112872,934006,112504,0,0.0,121800000,True,478,478,558534,18756376,True,mixture,1.0,1.0,1.0,True,True,True,sparse,0.7003259970006184,True,0.994717181998567,True,6090,True,0,0,1.0,1.0,7.8180318269987765,True,verified_hnsw_complete,377479168,2,75,run_00644.json,1,6090,21.402059596999607,30.91513460299757,1,[]
840059,114518,1150593,112112,0,0.0,137360000,True,795,795,840059,24668095,True,gaussian,1.0,1.0,1.0,True,True,True,sparse,1.00308190099895,True,1.3489896969986148,True,6868,True,0,0,1.0,1.0,8.361723687998165,True,verified_hnsw_complete,470831104,1,330,run_00645.json,2,6868,37.47609293400092,48.18988821999665,1,[]
874254,114922,1219045,,0,0.0,0,True,749,749,874254,,True,gaussian,1.0,1.0,1.0,True,True,True,inverted,1.324772630003281,True,0.008571272999688517,True,6747,False,0,0,1.0,1.0,4.573670871002832,True,ckdtree,515649536,0,,run_00646.json,0,6747,5.193222322999645,11.100237097005447,1,[]
536603,114134,934543,0,0,0.0,118120000,True,438,438,536603,62286115,True,mixture,1.0,1.0,1.0,True,True,True,inverted,0.8251592929991602,True,3.7709978641942143e-06,True,5906,True,0,0,1.0,1.0,7.667276664000383,True,verified_none_complete,372256768,2,14094,run_00647.json,2,5906,36.81147782399785,45.303917551995255,1,[]
